user_vec,shop_vec,dist_score,distance [m],cosθ,oaiso_score,id,shop_name,URL,genre,oaiso_genre,lat,lng,address
"0,1,0,1,0,0,0,1,0","0.0,3.0,0.0,3.0,0.0,0.0,0.0,0.0,3.0",0.5761444553595036,42.38555446404964,0.707106781187,0.9121087837760905,60292,新世界,https://tabelog.com/tokyo/A1302/A130202/13099828/,中華料理、居酒屋、上海料理,アジア・エスニック、中華料理,35.67706028,139.770015,東京都中央区京橋2-9-12日本工業1号館ビル　B1F
"0,1,0,1,0,0,0,1,0","0.0,3.0,0.0,3.0,3.0,0.0,0.0,3.0,0.0",0.13976641414322002,86.023358585678,0.816496580928,0.82837269220389,62253,Halco,https://tabelog.com/tokyo/A1302/A130201/13158959/,ワインバー、バー、バー・お酒（その他）,バー・お酒,35.67600531,139.7695737,東京都中央区京橋2-12-2京橋三貴ビル1F
"0,1,0,1,0,0,0,1,0","0.0,3.0,0.0,3.0,3.0,0.0,0.0,0.0,3.0",0.5608430326490883,43.91569673509117,0.5,0.7513620347549018,64291,京橋ZION,https://tabelog.com/tokyo/A1302/A130202/13195184/,スペイン料理、イタリアン、ダイニングバー,洋食・西洋料理,35.67707278,139.769995,東京都中央区京橋2-9-12日本工築1号館1F
"0,1,0,1,0,0,0,1,0","0.0,3.0,0.0,3.0,3.0,0.0,0.0,0.0,3.0",0.16562079234911364,83.43792076508863,0.5,0.5267164767295098,58611,酒処 舌菜魚,https://tabelog.com/tokyo/A1302/A130202/13038176/,居酒屋、魚介料理・海鮮料理、和食（その他）,Ｂ級和食,35.67636083,139.7692089,東京都中央区京橋2-6-13イーストビルB１F
"0,1,0,1,0,0,0,0,1","0.0,3.0,0.0,3.0,0.0,0.0,0.0,0.0,3.0",0.5761444553595036,42.38555446404964,1.0,1.154098103906899,60292,新世界,https://tabelog.com/tokyo/A1302/A130202/13099828/,中華料理、居酒屋、上海料理,アジア・エスニック、中華料理,35.67706028,139.770015,東京都中央区京橋2-9-12日本工業1号館ビル　B1F
"0,1,0,1,0,0,0,0,1","0.0,3.0,0.0,3.0,3.0,0.0,0.0,0.0,3.0",0.5608430326490883,43.91569673509117,0.707106781187,0.9025214165165425,64291,京橋ZION,https://tabelog.com/tokyo/A1302/A130202/13195184/,スペイン料理、イタリアン、ダイニングバー,洋食・西洋料理,35.67707278,139.769995,東京都中央区京橋2-9-12日本工築1号館1F
"0,1,0,1,0,0,0,0,1","0.0,3.0,0.0,3.0,3.0,0.0,0.0,0.0,3.0",0.16562079234911364,83.43792076508863,0.707106781187,0.7262439306860666,58611,酒処 舌菜魚,https://tabelog.com/tokyo/A1302/A130202/13038176/,居酒屋、魚介料理・海鮮料理、和食（その他）,Ｂ級和食,35.67636083,139.7692089,東京都中央区京橋2-6-13イーストビルB１F
"0,1,0,1,0,0,0,0,1","0.0,3.0,0.0,3.0,3.0,0.0,0.0,3.0,0.0",0.13976641414322002,86.023358585678,0.57735026919,0.5940269218274433,62253,Halco,https://tabelog.com/tokyo/A1302/A130201/13158959/,ワインバー、バー、バー・お酒（その他）,バー・お酒,35.67600531,139.7695737,東京都中央区京橋2-12-2京橋三貴ビル1F
"0,1,0,1,0.5,0,0,1,0","0.0,3.0,0.0,3.0,3.0,0.0,0.0,3.0,0.0",0.13976641414322002,86.023358585678,0.962250448649,0.9723479708665926,62253,Halco,https://tabelog.com/tokyo/A1302/A130201/13158959/,ワインバー、バー、バー・お酒（その他）,バー・お酒,35.67600531,139.7695737,東京都中央区京橋2-12-2京橋三貴ビル1F
"0,1,0,1,0.5,0,0,1,0","0.0,3.0,0.0,3.0,3.0,0.0,0.0,0.0,3.0",0.5608430326490883,43.91569673509117,0.707106781187,0.9025214165165425,64291,京橋ZION,https://tabelog.com/tokyo/A1302/A130202/13195184/,スペイン料理、イタリアン、ダイニングバー,洋食・西洋料理,35.67707278,139.769995,東京都中央区京橋2-9-12日本工築1号館1F
"0,1,0,1,0.5,0,0,1,0","0.0,3.0,0.0,3.0,0.0,0.0,0.0,0.0,3.0",0.5761444553595036,42.38555446404964,0.666666666667,0.8811281847075053,60292,新世界,https://tabelog.com/tokyo/A1302/A130202/13099828/,中華料理、居酒屋、上海料理,アジア・エスニック、中華料理,35.67706028,139.770015,東京都中央区京橋2-9-12日本工業1号館ビル　B1F
"0,1,0,1,0.5,0,0,1,0","0.0,3.0,0.0,3.0,3.0,0.0,0.0,0.0,3.0",0.16562079234911364,83.43792076508863,0.707106781187,0.7262439306860666,58611,酒処 舌菜魚,https://tabelog.com/tokyo/A1302/A130202/13038176/,居酒屋、魚介料理・海鮮料理、和食（その他）,Ｂ級和食,35.67636083,139.7692089,東京都中央区京橋2-6-13イーストビルB１F
"0,1,0,1,0.5,0,0,0,1","0.0,3.0,0.0,3.0,3.0,0.0,0.0,0.0,3.0",0.5608430326490883,43.91569673509117,0.948683298051,1.1020639306642,64291,京橋ZION,https://tabelog.com/tokyo/A1302/A130202/13195184/,スペイン料理、イタリアン、ダイニングバー,洋食・西洋料理,35.67707278,139.769995,東京都中央区京橋2-9-12日本工築1号館1F
"0,1,0,1,0.5,0,0,0,1","0.0,3.0,0.0,3.0,0.0,0.0,0.0,0.0,3.0",0.5761444553595036,42.38555446404964,0.894427191,1.0639278328164459,60292,新世界,https://tabelog.com/tokyo/A1302/A130202/13099828/,中華料理、居酒屋、上海料理,アジア・エスニック、中華料理,35.67706028,139.770015,東京都中央区京橋2-9-12日本工業1号館ビル　B1F
"0,1,0,1,0.5,0,0,0,1","0.0,3.0,0.0,3.0,3.0,0.0,0.0,0.0,3.0",0.16562079234911364,83.43792076508863,0.948683298051,0.9630317995052646,58611,酒処 舌菜魚,https://tabelog.com/tokyo/A1302/A130202/13038176/,居酒屋、魚介料理・海鮮料理、和食（その他）,Ｂ級和食,35.67636083,139.7692089,東京都中央区京橋2-6-13イーストビルB１F
"0,1,0,1,0.5,0,0,0,1","0.0,3.0,0.0,3.0,3.0,0.0,0.0,3.0,0.0",0.13976641414322002,86.023358585678,0.774596669241,0.7871052347192553,62253,Halco,https://tabelog.com/tokyo/A1302/A130201/13158959/,ワインバー、バー、バー・お酒（その他）,バー・お酒,35.67600531,139.7695737,東京都中央区京橋2-12-2京橋三貴ビル1F
"0,1,0,1,0,0.5,0,1,0","0.0,3.0,0.0,3.0,0.0,0.0,0.0,0.0,3.0",0.5761444553595036,42.38555446404964,0.666666666667,0.8811281847075053,60292,新世界,https://tabelog.com/tokyo/A1302/A130202/13099828/,中華料理、居酒屋、上海料理,アジア・エスニック、中華料理,35.67706028,139.770015,東京都中央区京橋2-9-12日本工業1号館ビル　B1F
"0,1,0,1,0,0.5,0,1,0","0.0,3.0,0.0,3.0,3.0,0.0,0.0,3.0,0.0",0.13976641414322002,86.023358585678,0.76980035892,0.7823856102428308,62253,Halco,https://tabelog.com/tokyo/A1302/A130201/13158959/,ワインバー、バー、バー・お酒（その他）,バー・お酒,35.67600531,139.7695737,東京都中央区京橋2-12-2京橋三貴ビル1F
"0,1,0,1,0,0.5,0,1,0","0.0,3.0,0.0,3.0,3.0,0.0,0.0,0.0,3.0",0.5608430326490883,43.91569673509117,0.471404520791,0.7326439309058996,64291,京橋ZION,https://tabelog.com/tokyo/A1302/A130202/13195184/,スペイン料理、イタリアン、ダイニングバー,洋食・西洋料理,35.67707278,139.769995,東京都中央区京橋2-9-12日本工築1号館1F
"0,1,0,1,0,0.5,0,1,0","0.0,3.0,0.0,3.0,3.0,0.0,0.0,0.0,3.0",0.16562079234911364,83.43792076508863,0.471404520791,0.49965234821880944,58611,酒処 舌菜魚,https://tabelog.com/tokyo/A1302/A130202/13038176/,居酒屋、魚介料理・海鮮料理、和食（その他）,Ｂ級和食,35.67636083,139.7692089,東京都中央区京橋2-6-13イーストビルB１F
"0,1,0,1,0,0.5,0,0,1","0.0,3.0,0.0,3.0,0.0,0.0,0.0,0.0,3.0",0.5761444553595036,42.38555446404964,0.894427191,1.0639278328164459,60292,新世界,https://tabelog.com/tokyo/A1302/A130202/13099828/,中華料理、居酒屋、上海料理,アジア・エスニック、中華料理,35.67706028,139.770015,東京都中央区京橋2-9-12日本工業1号館ビル　B1F
"0,1,0,1,0,0.5,0,0,1","0.0,3.0,0.0,3.0,3.0,0.0,0.0,0.0,3.0",0.5608430326490883,43.91569673509117,0.632455532034,0.8453075814583862,64291,京橋ZION,https://tabelog.com/tokyo/A1302/A130202/13195184/,スペイン料理、イタリアン、ダイニングバー,洋食・西洋料理,35.67707278,139.769995,東京都中央区京橋2-9-12日本工築1号館1F
"0,1,0,1,0,0.5,0,0,1","0.0,3.0,0.0,3.0,3.0,0.0,0.0,0.0,3.0",0.16562079234911364,83.43792076508863,0.632455532034,0.6537814977944453,58611,酒処 舌菜魚,https://tabelog.com/tokyo/A1302/A130202/13038176/,居酒屋、魚介料理・海鮮料理、和食（その他）,Ｂ級和食,35.67636083,139.7692089,東京都中央区京橋2-6-13イーストビルB１F
"0,1,0,1,0,0.5,0,0,1","0.0,3.0,0.0,3.0,3.0,0.0,0.0,3.0,0.0",0.13976641414322002,86.023358585678,0.516397779494,0.5349778660740281,62253,Halco,https://tabelog.com/tokyo/A1302/A130201/13158959/,ワインバー、バー、バー・お酒（その他）,バー・お酒,35.67600531,139.7695737,東京都中央区京橋2-12-2京橋三貴ビル1F
"0,1,0,1,0,0,0.5,1,0","0.0,3.0,0.0,3.0,0.0,0.0,0.0,0.0,3.0",0.5761444553595036,42.38555446404964,0.666666666667,0.8811281847075053,60292,新世界,https://tabelog.com/tokyo/A1302/A130202/13099828/,中華料理、居酒屋、上海料理,アジア・エスニック、中華料理,35.67706028,139.770015,東京都中央区京橋2-9-12日本工業1号館ビル　B1F
"0,1,0,1,0,0,0.5,1,0","0.0,3.0,0.0,3.0,3.0,0.0,0.0,3.0,0.0",0.13976641414322002,86.023358585678,0.76980035892,0.7823856102428308,62253,Halco,https://tabelog.com/tokyo/A1302/A130201/13158959/,ワインバー、バー、バー・お酒（その他）,バー・お酒,35.67600531,139.7695737,東京都中央区京橋2-12-2京橋三貴ビル1F
"0,1,0,1,0,0,0.5,1,0","0.0,3.0,0.0,3.0,3.0,0.0,0.0,0.0,3.0",0.5608430326490883,43.91569673509117,0.471404520791,0.7326439309058996,64291,京橋ZION,https://tabelog.com/tokyo/A1302/A130202/13195184/,スペイン料理、イタリアン、ダイニングバー,洋食・西洋料理,35.67707278,139.769995,東京都中央区京橋2-9-12日本工築1号館1F
"0,1,0,1,0,0,0.5,1,0","0.0,3.0,0.0,3.0,3.0,0.0,0.0,0.0,3.0",0.16562079234911364,83.43792076508863,0.471404520791,0.49965234821880944,58611,酒処 舌菜魚,https://tabelog.com/tokyo/A1302/A130202/13038176/,居酒屋、魚介料理・海鮮料理、和食（その他）,Ｂ級和食,35.67636083,139.7692089,東京都中央区京橋2-6-13イーストビルB１F
"0,1,0,1,0,0,0.5,0,1","0.0,3.0,0.0,3.0,0.0,0.0,0.0,0.0,3.0",0.5761444553595036,42.38555446404964,0.894427191,1.0639278328164459,60292,新世界,https://tabelog.com/tokyo/A1302/A130202/13099828/,中華料理、居酒屋、上海料理,アジア・エスニック、中華料理,35.67706028,139.770015,東京都中央区京橋2-9-12日本工業1号館ビル　B1F
"0,1,0,1,0,0,0.5,0,1","0.0,3.0,0.0,3.0,3.0,0.0,0.0,0.0,3.0",0.5608430326490883,43.91569673509117,0.632455532034,0.8453075814583862,64291,京橋ZION,https://tabelog.com/tokyo/A1302/A130202/13195184/,スペイン料理、イタリアン、ダイニングバー,洋食・西洋料理,35.67707278,139.769995,東京都中央区京橋2-9-12日本工築1号館1F
"0,1,0,1,0,0,0.5,0,1","0.0,3.0,0.0,3.0,3.0,0.0,0.0,0.0,3.0",0.16562079234911364,83.43792076508863,0.632455532034,0.6537814977944453,58611,酒処 舌菜魚,https://tabelog.com/tokyo/A1302/A130202/13038176/,居酒屋、魚介料理・海鮮料理、和食（その他）,Ｂ級和食,35.67636083,139.7692089,東京都中央区京橋2-6-13イーストビルB１F
"0,1,0,1,0,0,0.5,0,1","0.0,3.0,0.0,3.0,3.0,0.0,0.0,3.0,0.0",0.13976641414322002,86.023358585678,0.516397779494,0.5349778660740281,62253,Halco,https://tabelog.com/tokyo/A1302/A130201/13158959/,ワインバー、バー、バー・お酒（その他）,バー・お酒,35.67600531,139.7695737,東京都中央区京橋2-12-2京橋三貴ビル1F
"0,1,0,0.5,1,0,0,1,0","0.0,3.0,0.0,3.0,3.0,0.0,0.0,3.0,0.0",0.13976641414322002,86.023358585678,0.962250448649,0.9723479708665926,62253,Halco,https://tabelog.com/tokyo/A1302/A130201/13158959/,ワインバー、バー、バー・お酒（その他）,バー・お酒,35.67600531,139.7695737,東京都中央区京橋2-12-2京橋三貴ビル1F
"0,1,0,0.5,1,0,0,1,0","0.0,3.0,0.0,3.0,3.0,0.0,0.0,0.0,3.0",0.5608430326490883,43.91569673509117,0.707106781187,0.9025214165165425,64291,京橋ZION,https://tabelog.com/tokyo/A1302/A130202/13195184/,スペイン料理、イタリアン、ダイニングバー,洋食・西洋料理,35.67707278,139.769995,東京都中央区京橋2-9-12日本工築1号館1F
"0,1,0,0.5,1,0,0,1,0","0.0,3.0,0.0,3.0,3.0,0.0,0.0,0.0,3.0",0.16562079234911364,83.43792076508863,0.707106781187,0.7262439306860666,58611,酒処 舌菜魚,https://tabelog.com/tokyo/A1302/A130202/13038176/,居酒屋、魚介料理・海鮮料理、和食（その他）,Ｂ級和食,35.67636083,139.7692089,東京都中央区京橋2-6-13イーストビルB１F
"0,1,0,0.5,1,0,0,1,0","0.0,3.0,0.0,3.0,0.0,0.0,0.0,0.0,3.0",0.5761444553595036,42.38555446404964,0.333333333333,0.6656226743077569,60292,新世界,https://tabelog.com/tokyo/A1302/A130202/13099828/,中華料理、居酒屋、上海料理,アジア・エスニック、中華料理,35.67706028,139.770015,東京都中央区京橋2-9-12日本工業1号館ビル　B1F
"0,1,0,0.5,1,0,0,0,1","0.0,3.0,0.0,3.0,3.0,0.0,0.0,0.0,3.0",0.5608430326490883,43.91569673509117,0.948683298051,1.1020639306642,64291,京橋ZION,https://tabelog.com/tokyo/A1302/A130202/13195184/,スペイン料理、イタリアン、ダイニングバー,洋食・西洋料理,35.67707278,139.769995,東京都中央区京橋2-9-12日本工築1号館1F
"0,1,0,0.5,1,0,0,0,1","0.0,3.0,0.0,3.0,3.0,0.0,0.0,0.0,3.0",0.16562079234911364,83.43792076508863,0.948683298051,0.9630317995052646,58611,酒処 舌菜魚,https://tabelog.com/tokyo/A1302/A130202/13038176/,居酒屋、魚介料理・海鮮料理、和食（その他）,Ｂ級和食,35.67636083,139.7692089,東京都中央区京橋2-6-13イーストビルB１F
"0,1,0,0.5,1,0,0,0,1","0.0,3.0,0.0,3.0,3.0,0.0,0.0,3.0,0.0",0.13976641414322002,86.023358585678,0.774596669241,0.7871052347192553,62253,Halco,https://tabelog.com/tokyo/A1302/A130201/13158959/,ワインバー、バー、バー・お酒（その他）,バー・お酒,35.67600531,139.7695737,東京都中央区京橋2-12-2京橋三貴ビル1F
"0,1,0,0.5,1,0,0,0,1","0.0,3.0,0.0,3.0,0.0,0.0,0.0,0.0,3.0",0.5761444553595036,42.38555446404964,0.4472135955,0.7293438375975347,60292,新世界,https://tabelog.com/tokyo/A1302/A130202/13099828/,中華料理、居酒屋、上海料理,アジア・エスニック、中華料理,35.67706028,139.770015,東京都中央区京橋2-9-12日本工業1号館ビル　B1F
"0,1,0,0,1,0,0,1,0","0.0,3.0,0.0,3.0,3.0,0.0,0.0,3.0,0.0",0.13976641414322002,86.023358585678,0.816496580928,0.82837269220389,62253,Halco,https://tabelog.com/tokyo/A1302/A130201/13158959/,ワインバー、バー、バー・お酒（その他）,バー・お酒,35.67600531,139.7695737,東京都中央区京橋2-12-2京橋三貴ビル1F
"0,1,0,0,1,0,0,1,0","0.0,3.0,0.0,3.0,3.0,0.0,0.0,0.0,3.0",0.5608430326490883,43.91569673509117,0.5,0.7513620347549018,64291,京橋ZION,https://tabelog.com/tokyo/A1302/A130202/13195184/,スペイン料理、イタリアン、ダイニングバー,洋食・西洋料理,35.67707278,139.769995,東京都中央区京橋2-9-12日本工築1号館1F
"0,1,0,0,1,0,0,1,0","0.0,3.0,0.0,3.0,0.0,0.0,0.0,0.0,3.0",0.5761444553595036,42.38555446404964,0.0,0.5761444553595036,60292,新世界,https://tabelog.com/tokyo/A1302/A130202/13099828/,中華料理、居酒屋、上海料理,アジア・エスニック、中華料理,35.67706028,139.770015,東京都中央区京橋2-9-12日本工業1号館ビル　B1F
"0,1,0,0,1,0,0,1,0","0.0,3.0,0.0,3.0,3.0,0.0,0.0,0.0,3.0",0.16562079234911364,83.43792076508863,0.5,0.5267164767295098,58611,酒処 舌菜魚,https://tabelog.com/tokyo/A1302/A130202/13038176/,居酒屋、魚介料理・海鮮料理、和食（その他）,Ｂ級和食,35.67636083,139.7692089,東京都中央区京橋2-6-13イーストビルB１F
"0,1,0,0,1,0,0,0,1","0.0,3.0,0.0,3.0,3.0,0.0,0.0,0.0,3.0",0.5608430326490883,43.91569673509117,0.707106781187,0.9025214165165425,64291,京橋ZION,https://tabelog.com/tokyo/A1302/A130202/13195184/,スペイン料理、イタリアン、ダイニングバー,洋食・西洋料理,35.67707278,139.769995,東京都中央区京橋2-9-12日本工築1号館1F
"0,1,0,0,1,0,0,0,1","0.0,3.0,0.0,3.0,3.0,0.0,0.0,0.0,3.0",0.16562079234911364,83.43792076508863,0.707106781187,0.7262439306860666,58611,酒処 舌菜魚,https://tabelog.com/tokyo/A1302/A130202/13038176/,居酒屋、魚介料理・海鮮料理、和食（その他）,Ｂ級和食,35.67636083,139.7692089,東京都中央区京橋2-6-13イーストビルB１F
"0,1,0,0,1,0,0,0,1","0.0,3.0,0.0,3.0,3.0,0.0,0.0,3.0,0.0",0.13976641414322002,86.023358585678,0.57735026919,0.5940269218274433,62253,Halco,https://tabelog.com/tokyo/A1302/A130201/13158959/,ワインバー、バー、バー・お酒（その他）,バー・お酒,35.67600531,139.7695737,東京都中央区京橋2-12-2京橋三貴ビル1F
"0,1,0,0,1,0,0,0,1","0.0,3.0,0.0,3.0,0.0,0.0,0.0,0.0,3.0",0.5761444553595036,42.38555446404964,0.0,0.5761444553595036,60292,新世界,https://tabelog.com/tokyo/A1302/A130202/13099828/,中華料理、居酒屋、上海料理,アジア・エスニック、中華料理,35.67706028,139.770015,東京都中央区京橋2-9-12日本工業1号館ビル　B1F
"0,1,0,0,1,0.5,0,1,0","0.0,3.0,0.0,3.0,3.0,0.0,0.0,3.0,0.0",0.13976641414322002,86.023358585678,0.76980035892,0.7823856102428308,62253,Halco,https://tabelog.com/tokyo/A1302/A130201/13158959/,ワインバー、バー、バー・お酒（その他）,バー・お酒,35.67600531,139.7695737,東京都中央区京橋2-12-2京橋三貴ビル1F
"0,1,0,0,1,0.5,0,1,0","0.0,3.0,0.0,3.0,3.0,0.0,0.0,0.0,3.0",0.5608430326490883,43.91569673509117,0.471404520791,0.7326439309058996,64291,京橋ZION,https://tabelog.com/tokyo/A1302/A130202/13195184/,スペイン料理、イタリアン、ダイニングバー,洋食・西洋料理,35.67707278,139.769995,東京都中央区京橋2-9-12日本工築1号館1F
"0,1,0,0,1,0.5,0,1,0","0.0,3.0,0.0,3.0,0.0,0.0,0.0,0.0,3.0",0.5761444553595036,42.38555446404964,0.0,0.5761444553595036,60292,新世界,https://tabelog.com/tokyo/A1302/A130202/13099828/,中華料理、居酒屋、上海料理,アジア・エスニック、中華料理,35.67706028,139.770015,東京都中央区京橋2-9-12日本工業1号館ビル　B1F
"0,1,0,0,1,0.5,0,1,0","0.0,3.0,0.0,3.0,3.0,0.0,0.0,0.0,3.0",0.16562079234911364,83.43792076508863,0.471404520791,0.49965234821880944,58611,酒処 舌菜魚,https://tabelog.com/tokyo/A1302/A130202/13038176/,居酒屋、魚介料理・海鮮料理、和食（その他）,Ｂ級和食,35.67636083,139.7692089,東京都中央区京橋2-6-13イーストビルB１F
"0,1,0,0,1,0.5,0,0,1","0.0,3.0,0.0,3.0,3.0,0.0,0.0,0.0,3.0",0.5608430326490883,43.91569673509117,0.632455532034,0.8453075814583862,64291,京橋ZION,https://tabelog.com/tokyo/A1302/A130202/13195184/,スペイン料理、イタリアン、ダイニングバー,洋食・西洋料理,35.67707278,139.769995,東京都中央区京橋2-9-12日本工築1号館1F
"0,1,0,0,1,0.5,0,0,1","0.0,3.0,0.0,3.0,3.0,0.0,0.0,0.0,3.0",0.16562079234911364,83.43792076508863,0.632455532034,0.6537814977944453,58611,酒処 舌菜魚,https://tabelog.com/tokyo/A1302/A130202/13038176/,居酒屋、魚介料理・海鮮料理、和食（その他）,Ｂ級和食,35.67636083,139.7692089,東京都中央区京橋2-6-13イーストビルB１F
"0,1,0,0,1,0.5,0,0,1","0.0,3.0,0.0,3.0,0.0,0.0,0.0,0.0,3.0",0.5761444553595036,42.38555446404964,0.0,0.5761444553595036,60292,新世界,https://tabelog.com/tokyo/A1302/A130202/13099828/,中華料理、居酒屋、上海料理,アジア・エスニック、中華料理,35.67706028,139.770015,東京都中央区京橋2-9-12日本工業1号館ビル　B1F
"0,1,0,0,1,0.5,0,0,1","0.0,3.0,0.0,3.0,3.0,0.0,0.0,3.0,0.0",0.13976641414322002,86.023358585678,0.516397779494,0.5349778660740281,62253,Halco,https://tabelog.com/tokyo/A1302/A130201/13158959/,ワインバー、バー、バー・お酒（その他）,バー・お酒,35.67600531,139.7695737,東京都中央区京橋2-12-2京橋三貴ビル1F
"0,1,0,0,1,0,0.5,1,0","0.0,3.0,0.0,3.0,3.0,0.0,0.0,3.0,0.0",0.13976641414322002,86.023358585678,0.76980035892,0.7823856102428308,62253,Halco,https://tabelog.com/tokyo/A1302/A130201/13158959/,ワインバー、バー、バー・お酒（その他）,バー・お酒,35.67600531,139.7695737,東京都中央区京橋2-12-2京橋三貴ビル1F
"0,1,0,0,1,0,0.5,1,0","0.0,3.0,0.0,3.0,3.0,0.0,0.0,0.0,3.0",0.5608430326490883,43.91569673509117,0.471404520791,0.7326439309058996,64291,京橋ZION,https://tabelog.com/tokyo/A1302/A130202/13195184/,スペイン料理、イタリアン、ダイニングバー,洋食・西洋料理,35.67707278,139.769995,東京都中央区京橋2-9-12日本工築1号館1F
"0,1,0,0,1,0,0.5,1,0","0.0,3.0,0.0,3.0,0.0,0.0,0.0,0.0,3.0",0.5761444553595036,42.38555446404964,0.0,0.5761444553595036,60292,新世界,https://tabelog.com/tokyo/A1302/A130202/13099828/,中華料理、居酒屋、上海料理,アジア・エスニック、中華料理,35.67706028,139.770015,東京都中央区京橋2-9-12日本工業1号館ビル　B1F
"0,1,0,0,1,0,0.5,1,0","0.0,3.0,0.0,3.0,3.0,0.0,0.0,0.0,3.0",0.16562079234911364,83.43792076508863,0.471404520791,0.49965234821880944,58611,酒処 舌菜魚,https://tabelog.com/tokyo/A1302/A130202/13038176/,居酒屋、魚介料理・海鮮料理、和食（その他）,Ｂ級和食,35.67636083,139.7692089,東京都中央区京橋2-6-13イーストビルB１F
"0,1,0,0,1,0,0.5,0,1","0.0,3.0,0.0,3.0,3.0,0.0,0.0,0.0,3.0",0.5608430326490883,43.91569673509117,0.632455532034,0.8453075814583862,64291,京橋ZION,https://tabelog.com/tokyo/A1302/A130202/13195184/,スペイン料理、イタリアン、ダイニングバー,洋食・西洋料理,35.67707278,139.769995,東京都中央区京橋2-9-12日本工築1号館1F
"0,1,0,0,1,0,0.5,0,1","0.0,3.0,0.0,3.0,3.0,0.0,0.0,0.0,3.0",0.16562079234911364,83.43792076508863,0.632455532034,0.6537814977944453,58611,酒処 舌菜魚,https://tabelog.com/tokyo/A1302/A130202/13038176/,居酒屋、魚介料理・海鮮料理、和食（その他）,Ｂ級和食,35.67636083,139.7692089,東京都中央区京橋2-6-13イーストビルB１F
"0,1,0,0,1,0,0.5,0,1","0.0,3.0,0.0,3.0,0.0,0.0,0.0,0.0,3.0",0.5761444553595036,42.38555446404964,0.0,0.5761444553595036,60292,新世界,https://tabelog.com/tokyo/A1302/A130202/13099828/,中華料理、居酒屋、上海料理,アジア・エスニック、中華料理,35.67706028,139.770015,東京都中央区京橋2-9-12日本工業1号館ビル　B1F
"0,1,0,0,1,0,0.5,0,1","0.0,3.0,0.0,3.0,3.0,0.0,0.0,3.0,0.0",0.13976641414322002,86.023358585678,0.516397779494,0.5349778660740281,62253,Halco,https://tabelog.com/tokyo/A1302/A130201/13158959/,ワインバー、バー、バー・お酒（その他）,バー・お酒,35.67600531,139.7695737,東京都中央区京橋2-12-2京橋三貴ビル1F
"0,1,0,0.5,0,1,0,1,0","0.0,3.0,0.0,3.0,0.0,0.0,0.0,0.0,3.0",0.5761444553595036,42.38555446404964,0.333333333333,0.6656226743077569,60292,新世界,https://tabelog.com/tokyo/A1302/A130202/13099828/,中華料理、居酒屋、上海料理,アジア・エスニック、中華料理,35.67706028,139.770015,東京都中央区京橋2-9-12日本工業1号館ビル　B1F
"0,1,0,0.5,0,1,0,1,0","0.0,3.0,0.0,3.0,3.0,0.0,0.0,0.0,3.0",0.5608430326490883,43.91569673509117,0.235702260396,0.6083588273597926,64291,京橋ZION,https://tabelog.com/tokyo/A1302/A130202/13195184/,スペイン料理、イタリアン、ダイニングバー,洋食・西洋料理,35.67707278,139.769995,東京都中央区京橋2-9-12日本工築1号館1F
"0,1,0,0.5,0,1,0,1,0","0.0,3.0,0.0,3.0,3.0,0.0,0.0,3.0,0.0",0.13976641414322002,86.023358585678,0.57735026919,0.5940269218274433,62253,Halco,https://tabelog.com/tokyo/A1302/A130201/13158959/,ワインバー、バー、バー・お酒（その他）,バー・お酒,35.67600531,139.7695737,東京都中央区京橋2-12-2京橋三貴ビル1F
"0,1,0,0.5,0,1,0,1,0","0.0,3.0,0.0,3.0,3.0,0.0,0.0,0.0,3.0",0.16562079234911364,83.43792076508863,0.235702260396,0.288072564493573,58611,酒処 舌菜魚,https://tabelog.com/tokyo/A1302/A130202/13038176/,居酒屋、魚介料理・海鮮料理、和食（その他）,Ｂ級和食,35.67636083,139.7692089,東京都中央区京橋2-6-13イーストビルB１F
"0,1,0,0.5,0,1,0,0,1","0.0,3.0,0.0,3.0,0.0,0.0,0.0,0.0,3.0",0.5761444553595036,42.38555446404964,0.4472135955,0.7293438375975347,60292,新世界,https://tabelog.com/tokyo/A1302/A130202/13099828/,中華料理、居酒屋、上海料理,アジア・エスニック、中華料理,35.67706028,139.770015,東京都中央区京橋2-9-12日本工業1号館ビル　B1F
"0,1,0,0.5,0,1,0,0,1","0.0,3.0,0.0,3.0,3.0,0.0,0.0,0.0,3.0",0.5608430326490883,43.91569673509117,0.316227766017,0.6438516189861033,64291,京橋ZION,https://tabelog.com/tokyo/A1302/A130202/13195184/,スペイン料理、イタリアン、ダイニングバー,洋食・西洋料理,35.67707278,139.769995,東京都中央区京橋2-9-12日本工築1号館1F
"0,1,0,0.5,0,1,0,0,1","0.0,3.0,0.0,3.0,3.0,0.0,0.0,0.0,3.0",0.16562079234911364,83.43792076508863,0.316227766017,0.35697373412948497,58611,酒処 舌菜魚,https://tabelog.com/tokyo/A1302/A130202/13038176/,居酒屋、魚介料理・海鮮料理、和食（その他）,Ｂ級和食,35.67636083,139.7692089,東京都中央区京橋2-6-13イーストビルB１F
"0,1,0,0.5,0,1,0,0,1","0.0,3.0,0.0,3.0,3.0,0.0,0.0,3.0,0.0",0.13976641414322002,86.023358585678,0.258198889747,0.2936006082914692,62253,Halco,https://tabelog.com/tokyo/A1302/A130201/13158959/,ワインバー、バー、バー・お酒（その他）,バー・お酒,35.67600531,139.7695737,東京都中央区京橋2-12-2京橋三貴ビル1F
"0,1,0,0,0.5,1,0,1,0","0.0,3.0,0.0,3.0,3.0,0.0,0.0,0.0,3.0",0.5608430326490883,43.91569673509117,0.235702260396,0.6083588273597926,64291,京橋ZION,https://tabelog.com/tokyo/A1302/A130202/13195184/,スペイン料理、イタリアン、ダイニングバー,洋食・西洋料理,35.67707278,139.769995,東京都中央区京橋2-9-12日本工築1号館1F
"0,1,0,0,0.5,1,0,1,0","0.0,3.0,0.0,3.0,3.0,0.0,0.0,3.0,0.0",0.13976641414322002,86.023358585678,0.57735026919,0.5940269218274433,62253,Halco,https://tabelog.com/tokyo/A1302/A130201/13158959/,ワインバー、バー、バー・お酒（その他）,バー・お酒,35.67600531,139.7695737,東京都中央区京橋2-12-2京橋三貴ビル1F
"0,1,0,0,0.5,1,0,1,0","0.0,3.0,0.0,3.0,0.0,0.0,0.0,0.0,3.0",0.5761444553595036,42.38555446404964,0.0,0.5761444553595036,60292,新世界,https://tabelog.com/tokyo/A1302/A130202/13099828/,中華料理、居酒屋、上海料理,アジア・エスニック、中華料理,35.67706028,139.770015,東京都中央区京橋2-9-12日本工業1号館ビル　B1F
"0,1,0,0,0.5,1,0,1,0","0.0,3.0,0.0,3.0,3.0,0.0,0.0,0.0,3.0",0.16562079234911364,83.43792076508863,0.235702260396,0.288072564493573,58611,酒処 舌菜魚,https://tabelog.com/tokyo/A1302/A130202/13038176/,居酒屋、魚介料理・海鮮料理、和食（その他）,Ｂ級和食,35.67636083,139.7692089,東京都中央区京橋2-6-13イーストビルB１F
"0,1,0,0,0.5,1,0,0,1","0.0,3.0,0.0,3.0,3.0,0.0,0.0,0.0,3.0",0.5608430326490883,43.91569673509117,0.316227766017,0.6438516189861033,64291,京橋ZION,https://tabelog.com/tokyo/A1302/A130202/13195184/,スペイン料理、イタリアン、ダイニングバー,洋食・西洋料理,35.67707278,139.769995,東京都中央区京橋2-9-12日本工築1号館1F
"0,1,0,0,0.5,1,0,0,1","0.0,3.0,0.0,3.0,0.0,0.0,0.0,0.0,3.0",0.5761444553595036,42.38555446404964,0.0,0.5761444553595036,60292,新世界,https://tabelog.com/tokyo/A1302/A130202/13099828/,中華料理、居酒屋、上海料理,アジア・エスニック、中華料理,35.67706028,139.770015,東京都中央区京橋2-9-12日本工業1号館ビル　B1F
"0,1,0,0,0.5,1,0,0,1","0.0,3.0,0.0,3.0,3.0,0.0,0.0,0.0,3.0",0.16562079234911364,83.43792076508863,0.316227766017,0.35697373412948497,58611,酒処 舌菜魚,https://tabelog.com/tokyo/A1302/A130202/13038176/,居酒屋、魚介料理・海鮮料理、和食（その他）,Ｂ級和食,35.67636083,139.7692089,東京都中央区京橋2-6-13イーストビルB１F
"0,1,0,0,0.5,1,0,0,1","0.0,3.0,0.0,3.0,3.0,0.0,0.0,3.0,0.0",0.13976641414322002,86.023358585678,0.258198889747,0.2936006082914692,62253,Halco,https://tabelog.com/tokyo/A1302/A130201/13158959/,ワインバー、バー、バー・お酒（その他）,バー・お酒,35.67600531,139.7695737,東京都中央区京橋2-12-2京橋三貴ビル1F
"0,1,0,0,0,1,0,1,0","0.0,3.0,0.0,3.0,0.0,0.0,0.0,0.0,3.0",0.5761444553595036,42.38555446404964,0.0,0.5761444553595036,60292,新世界,https://tabelog.com/tokyo/A1302/A130202/13099828/,中華料理、居酒屋、上海料理,アジア・エスニック、中華料理,35.67706028,139.770015,東京都中央区京橋2-9-12日本工業1号館ビル　B1F
"0,1,0,0,0,1,0,1,0","0.0,3.0,0.0,3.0,3.0,0.0,0.0,0.0,3.0",0.5608430326490883,43.91569673509117,0.0,0.5608430326490883,64291,京橋ZION,https://tabelog.com/tokyo/A1302/A130202/13195184/,スペイン料理、イタリアン、ダイニングバー,洋食・西洋料理,35.67707278,139.769995,東京都中央区京橋2-9-12日本工築1号館1F
"0,1,0,0,0,1,0,1,0","0.0,3.0,0.0,3.0,3.0,0.0,0.0,3.0,0.0",0.13976641414322002,86.023358585678,0.408248290464,0.431510506464351,62253,Halco,https://tabelog.com/tokyo/A1302/A130201/13158959/,ワインバー、バー、バー・お酒（その他）,バー・お酒,35.67600531,139.7695737,東京都中央区京橋2-12-2京橋三貴ビル1F
"0,1,0,0,0,1,0,1,0","0.0,3.0,0.0,3.0,3.0,0.0,0.0,0.0,3.0",0.16562079234911364,83.43792076508863,0.0,0.16562079234911364,58611,酒処 舌菜魚,https://tabelog.com/tokyo/A1302/A130202/13038176/,居酒屋、魚介料理・海鮮料理、和食（その他）,Ｂ級和食,35.67636083,139.7692089,東京都中央区京橋2-6-13イーストビルB１F
"0,1,0,0,0,1,0,0,1","0.0,3.0,0.0,3.0,0.0,0.0,0.0,0.0,3.0",0.5761444553595036,42.38555446404964,0.0,0.5761444553595036,60292,新世界,https://tabelog.com/tokyo/A1302/A130202/13099828/,中華料理、居酒屋、上海料理,アジア・エスニック、中華料理,35.67706028,139.770015,東京都中央区京橋2-9-12日本工業1号館ビル　B1F
"0,1,0,0,0,1,0,0,1","0.0,3.0,0.0,3.0,3.0,0.0,0.0,0.0,3.0",0.5608430326490883,43.91569673509117,0.0,0.5608430326490883,64291,京橋ZION,https://tabelog.com/tokyo/A1302/A130202/13195184/,スペイン料理、イタリアン、ダイニングバー,洋食・西洋料理,35.67707278,139.769995,東京都中央区京橋2-9-12日本工築1号館1F
"0,1,0,0,0,1,0,0,1","0.0,3.0,0.0,3.0,3.0,0.0,0.0,0.0,3.0",0.16562079234911364,83.43792076508863,0.0,0.16562079234911364,58611,酒処 舌菜魚,https://tabelog.com/tokyo/A1302/A130202/13038176/,居酒屋、魚介料理・海鮮料理、和食（その他）,Ｂ級和食,35.67636083,139.7692089,東京都中央区京橋2-6-13イーストビルB１F
"0,1,0,0,0,1,0,0,1","0.0,3.0,0.0,3.0,3.0,0.0,0.0,3.0,0.0",0.13976641414322002,86.023358585678,0.0,0.13976641414322002,62253,Halco,https://tabelog.com/tokyo/A1302/A130201/13158959/,ワインバー、バー、バー・お酒（その他）,バー・お酒,35.67600531,139.7695737,東京都中央区京橋2-12-2京橋三貴ビル1F
"0,1,0,0,0,1,0.5,1,0","0.0,3.0,0.0,3.0,0.0,0.0,0.0,0.0,3.0",0.5761444553595036,42.38555446404964,0.0,0.5761444553595036,60292,新世界,https://tabelog.com/tokyo/A1302/A130202/13099828/,中華料理、居酒屋、上海料理,アジア・エスニック、中華料理,35.67706028,139.770015,東京都中央区京橋2-9-12日本工業1号館ビル　B1F
"0,1,0,0,0,1,0.5,1,0","0.0,3.0,0.0,3.0,3.0,0.0,0.0,0.0,3.0",0.5608430326490883,43.91569673509117,0.0,0.5608430326490883,64291,京橋ZION,https://tabelog.com/tokyo/A1302/A130202/13195184/,スペイン料理、イタリアン、ダイニングバー,洋食・西洋料理,35.67707278,139.769995,東京都中央区京橋2-9-12日本工築1号館1F
"0,1,0,0,0,1,0.5,1,0","0.0,3.0,0.0,3.0,3.0,0.0,0.0,3.0,0.0",0.13976641414322002,86.023358585678,0.38490017946,0.40949090181663655,62253,Halco,https://tabelog.com/tokyo/A1302/A130201/13158959/,ワインバー、バー、バー・お酒（その他）,バー・お酒,35.67600531,139.7695737,東京都中央区京橋2-12-2京橋三貴ビル1F
"0,1,0,0,0,1,0.5,1,0","0.0,3.0,0.0,3.0,3.0,0.0,0.0,0.0,3.0",0.16562079234911364,83.43792076508863,0.0,0.16562079234911364,58611,酒処 舌菜魚,https://tabelog.com/tokyo/A1302/A130202/13038176/,居酒屋、魚介料理・海鮮料理、和食（その他）,Ｂ級和食,35.67636083,139.7692089,東京都中央区京橋2-6-13イーストビルB１F
"0,1,0,0,0,1,0.5,0,1","0.0,3.0,0.0,3.0,0.0,0.0,0.0,0.0,3.0",0.5761444553595036,42.38555446404964,0.0,0.5761444553595036,60292,新世界,https://tabelog.com/tokyo/A1302/A130202/13099828/,中華料理、居酒屋、上海料理,アジア・エスニック、中華料理,35.67706028,139.770015,東京都中央区京橋2-9-12日本工業1号館ビル　B1F
"0,1,0,0,0,1,0.5,0,1","0.0,3.0,0.0,3.0,3.0,0.0,0.0,0.0,3.0",0.5608430326490883,43.91569673509117,0.0,0.5608430326490883,64291,京橋ZION,https://tabelog.com/tokyo/A1302/A130202/13195184/,スペイン料理、イタリアン、ダイニングバー,洋食・西洋料理,35.67707278,139.769995,東京都中央区京橋2-9-12日本工築1号館1F
"0,1,0,0,0,1,0.5,0,1","0.0,3.0,0.0,3.0,3.0,0.0,0.0,0.0,3.0",0.16562079234911364,83.43792076508863,0.0,0.16562079234911364,58611,酒処 舌菜魚,https://tabelog.com/tokyo/A1302/A130202/13038176/,居酒屋、魚介料理・海鮮料理、和食（その他）,Ｂ級和食,35.67636083,139.7692089,東京都中央区京橋2-6-13イーストビルB１F
"0,1,0,0,0,1,0.5,0,1","0.0,3.0,0.0,3.0,3.0,0.0,0.0,3.0,0.0",0.13976641414322002,86.023358585678,0.0,0.13976641414322002,62253,Halco,https://tabelog.com/tokyo/A1302/A130201/13158959/,ワインバー、バー、バー・お酒（その他）,バー・お酒,35.67600531,139.7695737,東京都中央区京橋2-12-2京橋三貴ビル1F
"0,1,0,0.5,0,0,1,1,0","0.0,3.0,0.0,3.0,0.0,0.0,0.0,0.0,3.0",0.5761444553595036,42.38555446404964,0.333333333333,0.6656226743077569,60292,新世界,https://tabelog.com/tokyo/A1302/A130202/13099828/,中華料理、居酒屋、上海料理,アジア・エスニック、中華料理,35.67706028,139.770015,東京都中央区京橋2-9-12日本工業1号館ビル　B1F
"0,1,0,0.5,0,0,1,1,0","0.0,3.0,0.0,3.0,3.0,0.0,0.0,0.0,3.0",0.5608430326490883,43.91569673509117,0.235702260396,0.6083588273597926,64291,京橋ZION,https://tabelog.com/tokyo/A1302/A130202/13195184/,スペイン料理、イタリアン、ダイニングバー,洋食・西洋料理,35.67707278,139.769995,東京都中央区京橋2-9-12日本工築1号館1F
"0,1,0,0.5,0,0,1,1,0","0.0,3.0,0.0,3.0,3.0,0.0,0.0,3.0,0.0",0.13976641414322002,86.023358585678,0.57735026919,0.5940269218274433,62253,Halco,https://tabelog.com/tokyo/A1302/A130201/13158959/,ワインバー、バー、バー・お酒（その他）,バー・お酒,35.67600531,139.7695737,東京都中央区京橋2-12-2京橋三貴ビル1F
"0,1,0,0.5,0,0,1,1,0","0.0,3.0,0.0,3.0,3.0,0.0,0.0,0.0,3.0",0.16562079234911364,83.43792076508863,0.235702260396,0.288072564493573,58611,酒処 舌菜魚,https://tabelog.com/tokyo/A1302/A130202/13038176/,居酒屋、魚介料理・海鮮料理、和食（その他）,Ｂ級和食,35.67636083,139.7692089,東京都中央区京橋2-6-13イーストビルB１F
"0,1,0,0.5,0,0,1,0,1","0.0,3.0,0.0,3.0,0.0,0.0,0.0,0.0,3.0",0.5761444553595036,42.38555446404964,0.4472135955,0.7293438375975347,60292,新世界,https://tabelog.com/tokyo/A1302/A130202/13099828/,中華料理、居酒屋、上海料理,アジア・エスニック、中華料理,35.67706028,139.770015,東京都中央区京橋2-9-12日本工業1号館ビル　B1F
"0,1,0,0.5,0,0,1,0,1","0.0,3.0,0.0,3.0,3.0,0.0,0.0,0.0,3.0",0.5608430326490883,43.91569673509117,0.316227766017,0.6438516189861033,64291,京橋ZION,https://tabelog.com/tokyo/A1302/A130202/13195184/,スペイン料理、イタリアン、ダイニングバー,洋食・西洋料理,35.67707278,139.769995,東京都中央区京橋2-9-12日本工築1号館1F
"0,1,0,0.5,0,0,1,0,1","0.0,3.0,0.0,3.0,3.0,0.0,0.0,0.0,3.0",0.16562079234911364,83.43792076508863,0.316227766017,0.35697373412948497,58611,酒処 舌菜魚,https://tabelog.com/tokyo/A1302/A130202/13038176/,居酒屋、魚介料理・海鮮料理、和食（その他）,Ｂ級和食,35.67636083,139.7692089,東京都中央区京橋2-6-13イーストビルB１F
"0,1,0,0.5,0,0,1,0,1","0.0,3.0,0.0,3.0,3.0,0.0,0.0,3.0,0.0",0.13976641414322002,86.023358585678,0.258198889747,0.2936006082914692,62253,Halco,https://tabelog.com/tokyo/A1302/A130201/13158959/,ワインバー、バー、バー・お酒（その他）,バー・お酒,35.67600531,139.7695737,東京都中央区京橋2-12-2京橋三貴ビル1F
"0,1,0,0,0.5,0,1,1,0","0.0,3.0,0.0,3.0,3.0,0.0,0.0,0.0,3.0",0.5608430326490883,43.91569673509117,0.235702260396,0.6083588273597926,64291,京橋ZION,https://tabelog.com/tokyo/A1302/A130202/13195184/,スペイン料理、イタリアン、ダイニングバー,洋食・西洋料理,35.67707278,139.769995,東京都中央区京橋2-9-12日本工築1号館1F
"0,1,0,0,0.5,0,1,1,0","0.0,3.0,0.0,3.0,3.0,0.0,0.0,3.0,0.0",0.13976641414322002,86.023358585678,0.57735026919,0.5940269218274433,62253,Halco,https://tabelog.com/tokyo/A1302/A130201/13158959/,ワインバー、バー、バー・お酒（その他）,バー・お酒,35.67600531,139.7695737,東京都中央区京橋2-12-2京橋三貴ビル1F
"0,1,0,0,0.5,0,1,1,0","0.0,3.0,0.0,3.0,0.0,0.0,0.0,0.0,3.0",0.5761444553595036,42.38555446404964,0.0,0.5761444553595036,60292,新世界,https://tabelog.com/tokyo/A1302/A130202/13099828/,中華料理、居酒屋、上海料理,アジア・エスニック、中華料理,35.67706028,139.770015,東京都中央区京橋2-9-12日本工業1号館ビル　B1F
"0,1,0,0,0.5,0,1,1,0","0.0,3.0,0.0,3.0,3.0,0.0,0.0,0.0,3.0",0.16562079234911364,83.43792076508863,0.235702260396,0.288072564493573,58611,酒処 舌菜魚,https://tabelog.com/tokyo/A1302/A130202/13038176/,居酒屋、魚介料理・海鮮料理、和食（その他）,Ｂ級和食,35.67636083,139.7692089,東京都中央区京橋2-6-13イーストビルB１F
"0,1,0,0,0.5,0,1,0,1","0.0,3.0,0.0,3.0,3.0,0.0,0.0,0.0,3.0",0.5608430326490883,43.91569673509117,0.316227766017,0.6438516189861033,64291,京橋ZION,https://tabelog.com/tokyo/A1302/A130202/13195184/,スペイン料理、イタリアン、ダイニングバー,洋食・西洋料理,35.67707278,139.769995,東京都中央区京橋2-9-12日本工築1号館1F
"0,1,0,0,0.5,0,1,0,1","0.0,3.0,0.0,3.0,0.0,0.0,0.0,0.0,3.0",0.5761444553595036,42.38555446404964,0.0,0.5761444553595036,60292,新世界,https://tabelog.com/tokyo/A1302/A130202/13099828/,中華料理、居酒屋、上海料理,アジア・エスニック、中華料理,35.67706028,139.770015,東京都中央区京橋2-9-12日本工業1号館ビル　B1F
"0,1,0,0,0.5,0,1,0,1","0.0,3.0,0.0,3.0,3.0,0.0,0.0,0.0,3.0",0.16562079234911364,83.43792076508863,0.316227766017,0.35697373412948497,58611,酒処 舌菜魚,https://tabelog.com/tokyo/A1302/A130202/13038176/,居酒屋、魚介料理・海鮮料理、和食（その他）,Ｂ級和食,35.67636083,139.7692089,東京都中央区京橋2-6-13イーストビルB１F
"0,1,0,0,0.5,0,1,0,1","0.0,3.0,0.0,3.0,3.0,0.0,0.0,3.0,0.0",0.13976641414322002,86.023358585678,0.258198889747,0.2936006082914692,62253,Halco,https://tabelog.com/tokyo/A1302/A130201/13158959/,ワインバー、バー、バー・お酒（その他）,バー・お酒,35.67600531,139.7695737,東京都中央区京橋2-12-2京橋三貴ビル1F
"0,1,0,0,0,0.5,1,1,0","0.0,3.0,0.0,3.0,0.0,0.0,0.0,0.0,3.0",0.5761444553595036,42.38555446404964,0.0,0.5761444553595036,60292,新世界,https://tabelog.com/tokyo/A1302/A130202/13099828/,中華料理、居酒屋、上海料理,アジア・エスニック、中華料理,35.67706028,139.770015,東京都中央区京橋2-9-12日本工業1号館ビル　B1F
"0,1,0,0,0,0.5,1,1,0","0.0,3.0,0.0,3.0,3.0,0.0,0.0,0.0,3.0",0.5608430326490883,43.91569673509117,0.0,0.5608430326490883,64291,京橋ZION,https://tabelog.com/tokyo/A1302/A130202/13195184/,スペイン料理、イタリアン、ダイニングバー,洋食・西洋料理,35.67707278,139.769995,東京都中央区京橋2-9-12日本工築1号館1F
"0,1,0,0,0,0.5,1,1,0","0.0,3.0,0.0,3.0,3.0,0.0,0.0,3.0,0.0",0.13976641414322002,86.023358585678,0.38490017946,0.40949090181663655,62253,Halco,https://tabelog.com/tokyo/A1302/A130201/13158959/,ワインバー、バー、バー・お酒（その他）,バー・お酒,35.67600531,139.7695737,東京都中央区京橋2-12-2京橋三貴ビル1F
"0,1,0,0,0,0.5,1,1,0","0.0,3.0,0.0,3.0,3.0,0.0,0.0,0.0,3.0",0.16562079234911364,83.43792076508863,0.0,0.16562079234911364,58611,酒処 舌菜魚,https://tabelog.com/tokyo/A1302/A130202/13038176/,居酒屋、魚介料理・海鮮料理、和食（その他）,Ｂ級和食,35.67636083,139.7692089,東京都中央区京橋2-6-13イーストビルB１F
"0,1,0,0,0,0.5,1,0,1","0.0,3.0,0.0,3.0,0.0,0.0,0.0,0.0,3.0",0.5761444553595036,42.38555446404964,0.0,0.5761444553595036,60292,新世界,https://tabelog.com/tokyo/A1302/A130202/13099828/,中華料理、居酒屋、上海料理,アジア・エスニック、中華料理,35.67706028,139.770015,東京都中央区京橋2-9-12日本工業1号館ビル　B1F
"0,1,0,0,0,0.5,1,0,1","0.0,3.0,0.0,3.0,3.0,0.0,0.0,0.0,3.0",0.5608430326490883,43.91569673509117,0.0,0.5608430326490883,64291,京橋ZION,https://tabelog.com/tokyo/A1302/A130202/13195184/,スペイン料理、イタリアン、ダイニングバー,洋食・西洋料理,35.67707278,139.769995,東京都中央区京橋2-9-12日本工築1号館1F
"0,1,0,0,0,0.5,1,0,1","0.0,3.0,0.0,3.0,3.0,0.0,0.0,0.0,3.0",0.16562079234911364,83.43792076508863,0.0,0.16562079234911364,58611,酒処 舌菜魚,https://tabelog.com/tokyo/A1302/A130202/13038176/,居酒屋、魚介料理・海鮮料理、和食（その他）,Ｂ級和食,35.67636083,139.7692089,東京都中央区京橋2-6-13イーストビルB１F
"0,1,0,0,0,0.5,1,0,1","0.0,3.0,0.0,3.0,3.0,0.0,0.0,3.0,0.0",0.13976641414322002,86.023358585678,0.0,0.13976641414322002,62253,Halco,https://tabelog.com/tokyo/A1302/A130201/13158959/,ワインバー、バー、バー・お酒（その他）,バー・お酒,35.67600531,139.7695737,東京都中央区京橋2-12-2京橋三貴ビル1F
"0,1,0,0,0,0,1,1,0","0.0,3.0,0.0,3.0,0.0,0.0,0.0,0.0,3.0",0.5761444553595036,42.38555446404964,0.0,0.5761444553595036,60292,新世界,https://tabelog.com/tokyo/A1302/A130202/13099828/,中華料理、居酒屋、上海料理,アジア・エスニック、中華料理,35.67706028,139.770015,東京都中央区京橋2-9-12日本工業1号館ビル　B1F
"0,1,0,0,0,0,1,1,0","0.0,3.0,0.0,3.0,3.0,0.0,0.0,0.0,3.0",0.5608430326490883,43.91569673509117,0.0,0.5608430326490883,64291,京橋ZION,https://tabelog.com/tokyo/A1302/A130202/13195184/,スペイン料理、イタリアン、ダイニングバー,洋食・西洋料理,35.67707278,139.769995,東京都中央区京橋2-9-12日本工築1号館1F
"0,1,0,0,0,0,1,1,0","0.0,3.0,0.0,3.0,3.0,0.0,0.0,3.0,0.0",0.13976641414322002,86.023358585678,0.408248290464,0.431510506464351,62253,Halco,https://tabelog.com/tokyo/A1302/A130201/13158959/,ワインバー、バー、バー・お酒（その他）,バー・お酒,35.67600531,139.7695737,東京都中央区京橋2-12-2京橋三貴ビル1F
"0,1,0,0,0,0,1,1,0","0.0,3.0,0.0,3.0,3.0,0.0,0.0,0.0,3.0",0.16562079234911364,83.43792076508863,0.0,0.16562079234911364,58611,酒処 舌菜魚,https://tabelog.com/tokyo/A1302/A130202/13038176/,居酒屋、魚介料理・海鮮料理、和食（その他）,Ｂ級和食,35.67636083,139.7692089,東京都中央区京橋2-6-13イーストビルB１F
"0,1,0,0,0,0,1,0,1","0.0,3.0,0.0,3.0,0.0,0.0,0.0,0.0,3.0",0.5761444553595036,42.38555446404964,0.0,0.5761444553595036,60292,新世界,https://tabelog.com/tokyo/A1302/A130202/13099828/,中華料理、居酒屋、上海料理,アジア・エスニック、中華料理,35.67706028,139.770015,東京都中央区京橋2-9-12日本工業1号館ビル　B1F
"0,1,0,0,0,0,1,0,1","0.0,3.0,0.0,3.0,3.0,0.0,0.0,0.0,3.0",0.5608430326490883,43.91569673509117,0.0,0.5608430326490883,64291,京橋ZION,https://tabelog.com/tokyo/A1302/A130202/13195184/,スペイン料理、イタリアン、ダイニングバー,洋食・西洋料理,35.67707278,139.769995,東京都中央区京橋2-9-12日本工築1号館1F
"0,1,0,0,0,0,1,0,1","0.0,3.0,0.0,3.0,3.0,0.0,0.0,0.0,3.0",0.16562079234911364,83.43792076508863,0.0,0.16562079234911364,58611,酒処 舌菜魚,https://tabelog.com/tokyo/A1302/A130202/13038176/,居酒屋、魚介料理・海鮮料理、和食（その他）,Ｂ級和食,35.67636083,139.7692089,東京都中央区京橋2-6-13イーストビルB１F
"0,1,0,0,0,0,1,0,1","0.0,3.0,0.0,3.0,3.0,0.0,0.0,3.0,0.0",0.13976641414322002,86.023358585678,0.0,0.13976641414322002,62253,Halco,https://tabelog.com/tokyo/A1302/A130201/13158959/,ワインバー、バー、バー・お酒（その他）,バー・お酒,35.67600531,139.7695737,東京都中央区京橋2-12-2京橋三貴ビル1F
