user_vec,shop_vec,dist_score,distance [m],cosθ,oaiso_score,id,shop_name,URL,genre,oaiso_genre,lat,lng,address,budget_lunch_min,budget_lunch_max,budget_dinner_min,budget_dinner_max,エリア範囲[m],70
"1,0,0,0,1","3.0,0.4,0.0,0.0,3.0",0.08420484886820472,64.10566057922567,0.9955849674,0.9991395717744805,19144,CHAP,https://tabelog.com/tokyo/A1315/A131501/13165247/,串揚げ・串かつ、居酒屋、バー,バー・お酒,35.60736583,139.7343,東京都品川区東大井5-4-9,,,1000,1999
"1,0,0,0,1","3.0,0.0,0.0,0.4,3.0",0.06691651561783313,65.31584390675168,0.9955849674,0.997831271997028,19360,丸八とんかつ 本店,https://tabelog.com/tokyo/A1315/A131501/13007363/,とんかつ,Ｂ級和食,35.60731841,139.7341943,東京都品川区東大井5-4-10,1000,1999,1000,1999
"1,0,0,0,1","2.4,1.4,0.0,0.0,3.0",0.22497603695936083,54.25167741284474,0.933814526219,0.9605330741749241,18898,お魚sun,https://tabelog.com/tokyo/A1315/A131501/13109164/,魚介料理・海鮮料理、居酒屋、和食（その他）,Ｂ級和食,35.60734914,139.7345573,東京都品川区東大井5-5-7,,,3000,3999
"1,0,0,0,1","2.0,1.0,0.0,0.4,3.0",0.0778560747824173,64.55007476523079,0.939557535004,0.9427777733710347,18476,三代目 むら上 大井町店,https://tabelog.com/tokyo/A1315/A131501/13094230/,うなぎ,高級和食,35.60730972,139.7351192,東京都品川区東大井5-7-15,2000,2999,2000,2999
"1,0,0,0,1","2.0,1.0,0.4,0.0,1.0",0.19344861598739585,56.45859688088229,0.854704323447,0.876322912827754,18299,MICHI FISH&OYSTER,https://tabelog.com/tokyo/A1315/A131501/13181885/,オイスターバー、バル・バール、居酒屋,創作料理・無国籍料理,35.60699861,139.7352589,東京都品川区東大井5-12-2ユニーブル大井町102,,,6000,7999
"1,0,0,0,1","1.0,2.0,0.0,0.4,2.0",0.0901383773508154,63.69031358544292,0.700903970274,0.7066762360637929,19795,うずら亭,https://tabelog.com/tokyo/A1315/A131501/13170627/,居酒屋,居酒屋,35.60736778,139.7350006,東京都品川区東大井5-2-8,,,1000,1999
"1,0,0,0,1","2.4,0.0,1.8,0.0,0.0",0.3030457745749577,48.786795779752964,0.565685424949,0.641745075156589,18403,大井町銭場精肉店,https://tabelog.com/tokyo/A1315/A131501/13125061/,焼肉、居酒屋、ステーキ,洋食・西洋料理,35.60663528,139.7341994,東京都品川区東大井5-14-19ISOLA大井町2F,1000,1999,6000,7999
"1,0,0,0,1","1.4,2.4,0.0,0.0,1.0",0.043239994237661755,66.97320040336368,0.574695771133,0.5763201596851105,19937,唐屋利久,https://tabelog.com/tokyo/A1315/A131501/13028356/,居酒屋、魚介料理・海鮮料理、焼鳥,高級和食,35.60731667,139.7341639,東京都品川区東大井5-4-10,,,5000,5999
"1,0,0,0,1","0.0,3.0,0.4,0.0,3.0",0.14094216895341805,60.13404817326074,0.4977924837,0.5173606593252792,19248,トラストサルーン,https://tabelog.com/tokyo/A1315/A131501/13050650/,バー、バー・お酒（その他）,バー・お酒,35.60738556,139.73485,東京都品川区東大井5-6-10,1000,1999,2000,2999
"1,0,0,0,1","0.4,2.4,1.4,0.0,0.0",0.09480908794236029,63.36336384403478,0.100758544372,0.13835117426470075,19980,瓢箪,https://tabelog.com/tokyo/A1315/A131501/13022613/,居酒屋、創作料理、炭火焼き,創作料理・無国籍料理,35.6074325,139.7345594,東京都品川区東大井5-5-11サンライズビル　３Ｆ,,,3000,3999
"1,0,0,0,0","2.4,0.0,1.8,0.0,0.0",0.3030457745749577,48.786795779752964,0.8,0.8554745709182336,18403,大井町銭場精肉店,https://tabelog.com/tokyo/A1315/A131501/13125061/,焼肉、居酒屋、ステーキ,洋食・西洋料理,35.60663528,139.7341994,東京都品川区東大井5-14-19ISOLA大井町2F,1000,1999,6000,7999
"1,0,0,0,0","2.0,1.0,0.4,0.0,1.0",0.19344861598739585,56.45859688088229,0.805822964025,0.8287176940177446,18299,MICHI FISH&OYSTER,https://tabelog.com/tokyo/A1315/A131501/13181885/,オイスターバー、バル・バール、居酒屋,創作料理・無国籍料理,35.60699861,139.7352589,東京都品川区東大井5-12-2ユニーブル大井町102,,,6000,7999
"1,0,0,0,0","3.0,0.4,0.0,0.0,3.0",0.08420484886820472,64.10566057922567,0.703984881696,0.7090029409172466,19144,CHAP,https://tabelog.com/tokyo/A1315/A131501/13165247/,串揚げ・串かつ、居酒屋、バー,バー・お酒,35.60736583,139.7343,東京都品川区東大井5-4-9,,,1000,1999
"1,0,0,0,0","3.0,0.0,0.0,0.4,3.0",0.06691651561783313,65.31584390675168,0.703984881696,0.7071580684110301,19360,丸八とんかつ 本店,https://tabelog.com/tokyo/A1315/A131501/13007363/,とんかつ,Ｂ級和食,35.60731841,139.7341943,東京都品川区東大井5-4-10,1000,1999,1000,1999
"1,0,0,0,0","2.4,1.4,0.0,0.0,3.0",0.22497603695936083,54.25167741284474,0.586939185653,0.6285792112864075,18898,お魚sun,https://tabelog.com/tokyo/A1315/A131501/13109164/,魚介料理・海鮮料理、居酒屋、和食（その他）,Ｂ級和食,35.60734914,139.7345573,東京都品川区東大井5-5-7,,,3000,3999
"1,0,0,0,0","2.0,1.0,0.0,0.4,3.0",0.0778560747824173,64.55007476523079,0.531494003453,0.5371661233610512,18476,三代目 むら上 大井町店,https://tabelog.com/tokyo/A1315/A131501/13094230/,うなぎ,高級和食,35.60730972,139.7351192,東京都品川区東大井5-7-15,2000,2999,2000,2999
"1,0,0,0,0","1.4,2.4,0.0,0.0,1.0",0.043239994237661755,66.97320040336368,0.474099823035,0.47606757850488823,19937,唐屋利久,https://tabelog.com/tokyo/A1315/A131501/13028356/,居酒屋、魚介料理・海鮮料理、焼鳥,高級和食,35.60731667,139.7341639,東京都品川区東大井5-4-10,,,5000,5999
"1,0,0,0,0","1.0,2.0,0.0,0.4,2.0",0.0901383773508154,63.69031358544292,0.330409300228,0.342483916043212,19795,うずら亭,https://tabelog.com/tokyo/A1315/A131501/13170627/,居酒屋,居酒屋,35.60736778,139.7350006,東京都品川区東大井5-2-8,,,1000,1999
"1,0,0,0,0","0.4,2.4,1.4,0.0,0.0",0.09480908794236029,63.36336384403478,0.142494099976,0.1711529482199503,19980,瓢箪,https://tabelog.com/tokyo/A1315/A131501/13022613/,居酒屋、創作料理、炭火焼き,創作料理・無国籍料理,35.6074325,139.7345594,東京都品川区東大井5-5-11サンライズビル　３Ｆ,,,3000,3999
"1,0,0,0,0","0.0,3.0,0.4,0.0,3.0",0.14094216895341805,60.13404817326074,0.0,0.14094216895341805,19248,トラストサルーン,https://tabelog.com/tokyo/A1315/A131501/13050650/,バー、バー・お酒（その他）,バー・お酒,35.60738556,139.73485,東京都品川区東大井5-6-10,1000,1999,2000,2999
"1,0.5,0,0,1","2.4,1.4,0.0,0.0,3.0",0.22497603695936083,54.25167741284474,0.994535842357,1.0196645325493383,18898,お魚sun,https://tabelog.com/tokyo/A1315/A131501/13109164/,魚介料理・海鮮料理、居酒屋、和食（その他）,Ｂ級和食,35.60734914,139.7345573,東京都品川区東大井5-5-7,,,3000,3999
"1,0.5,0,0,1","2.0,1.0,0.0,0.4,3.0",0.0778560747824173,64.55007476523079,0.974405672997,0.97751111704606,18476,三代目 むら上 大井町店,https://tabelog.com/tokyo/A1315/A131501/13094230/,うなぎ,高級和食,35.60730972,139.7351192,東京都品川区東大井5-7-15,2000,2999,2000,2999
"1,0.5,0,0,1","3.0,0.4,0.0,0.0,3.0",0.08420484886820472,64.10566057922567,0.969934725892,0.9735829851966145,19144,CHAP,https://tabelog.com/tokyo/A1315/A131501/13165247/,串揚げ・串かつ、居酒屋、バー,バー・お酒,35.60736583,139.7343,東京都品川区東大井5-4-9,,,1000,1999
"1,0.5,0,0,1","2.0,1.0,0.4,0.0,1.0",0.19344861598739585,56.45859688088229,0.940126791363,0.9598232914791256,18299,MICHI FISH&OYSTER,https://tabelog.com/tokyo/A1315/A131501/13181885/,オイスターバー、バル・バール、居酒屋,創作料理・無国籍料理,35.60699861,139.7352589,東京都品川区東大井5-12-2ユニーブル大井町102,,,6000,7999
"1,0.5,0,0,1","3.0,0.0,0.0,0.4,3.0",0.06691651561783313,65.31584390675168,0.938646508928,0.9410287396168613,19360,丸八とんかつ 本店,https://tabelog.com/tokyo/A1315/A131501/13007363/,とんかつ,Ｂ級和食,35.60731841,139.7341943,東京都品川区東大井5-4-10,1000,1999,1000,1999
"1,0.5,0,0,1","1.0,2.0,0.0,0.4,2.0",0.0901383773508154,63.69031358544292,0.881091467273,0.8856901832884478,19795,うずら亭,https://tabelog.com/tokyo/A1315/A131501/13170627/,居酒屋,居酒屋,35.60736778,139.7350006,東京都品川区東大井5-2-8,,,1000,1999
"1,0.5,0,0,1","1.4,2.4,0.0,0.0,1.0",0.043239994237661755,66.97320040336368,0.812742553774,0.8138919804355302,19937,唐屋利久,https://tabelog.com/tokyo/A1315/A131501/13028356/,居酒屋、魚介料理・海鮮料理、焼鳥,高級和食,35.60731667,139.7341639,東京都品川区東大井5-4-10,,,5000,5999
"1,0.5,0,0,1","0.0,3.0,0.4,0.0,3.0",0.14094216895341805,60.13404817326074,0.703984881696,0.7179550185392407,19248,トラストサルーン,https://tabelog.com/tokyo/A1315/A131501/13050650/,バー、バー・お酒（その他）,バー・お酒,35.60738556,139.73485,東京都品川区東大井5-6-10,1000,1999,2000,2999
"1,0.5,0,0,1","2.4,0.0,1.8,0.0,0.0",0.3030457745749577,48.786795779752964,0.533333333333,0.6134176276666498,18403,大井町銭場精肉店,https://tabelog.com/tokyo/A1315/A131501/13125061/,焼肉、居酒屋、ステーキ,洋食・西洋料理,35.60663528,139.7341994,東京都品川区東大井5-14-19ISOLA大井町2F,1000,1999,6000,7999
"1,0.5,0,0,1","0.4,2.4,1.4,0.0,0.0",0.09480908794236029,63.36336384403478,0.379984266602,0.3916335098298695,19980,瓢箪,https://tabelog.com/tokyo/A1315/A131501/13022613/,居酒屋、創作料理、炭火焼き,創作料理・無国籍料理,35.6074325,139.7345594,東京都品川区東大井5-5-11サンライズビル　３Ｆ,,,3000,3999
"1,0.5,0,0,0","2.0,1.0,0.4,0.0,1.0",0.19344861598739585,56.45859688088229,0.900937462696,0.9214720173264898,18299,MICHI FISH&OYSTER,https://tabelog.com/tokyo/A1315/A131501/13181885/,オイスターバー、バル・バール、居酒屋,創作料理・無国籍料理,35.60699861,139.7352589,東京都品川区東大井5-12-2ユニーブル大井町102,,,6000,7999
"1,0.5,0,0,0","1.4,2.4,0.0,0.0,1.0",0.043239994237661755,66.97320040336368,0.78751729266,0.7887034825206525,19937,唐屋利久,https://tabelog.com/tokyo/A1315/A131501/13028356/,居酒屋、魚介料理・海鮮料理、焼鳥,高級和食,35.60731667,139.7341639,東京都品川区東大井5-4-10,,,5000,5999
"1,0.5,0,0,0","2.4,0.0,1.8,0.0,0.0",0.3030457745749577,48.786795779752964,0.7155417528,0.7770693286237309,18403,大井町銭場精肉店,https://tabelog.com/tokyo/A1315/A131501/13125061/,焼肉、居酒屋、ステーキ,洋食・西洋料理,35.60663528,139.7341994,東京都品川区東大井5-14-19ISOLA大井町2F,1000,1999,6000,7999
"1,0.5,0,0,0","2.4,1.4,0.0,0.0,3.0",0.22497603695936083,54.25167741284474,0.678091890853,0.7144388214858785,18898,お魚sun,https://tabelog.com/tokyo/A1315/A131501/13109164/,魚介料理・海鮮料理、居酒屋、和食（その他）,Ｂ級和食,35.60734914,139.7345573,東京都品川区東大井5-5-7,,,3000,3999
"1,0.5,0,0,0","3.0,0.4,0.0,0.0,3.0",0.08420484886820472,64.10566057922567,0.671640768258,0.6768986468880109,19144,CHAP,https://tabelog.com/tokyo/A1315/A131501/13165247/,串揚げ・串かつ、居酒屋、バー,バー・お酒,35.60736583,139.7343,東京都品川区東大井5-4-9,,,1000,1999
"1,0.5,0,0,0","3.0,0.0,0.0,0.4,3.0",0.06691651561783313,65.31584390675168,0.629663220242,0.6332089631295041,19360,丸八とんかつ 本店,https://tabelog.com/tokyo/A1315/A131501/13007363/,とんかつ,Ｂ級和食,35.60731841,139.7341943,東京都品川区東大井5-4-10,1000,1999,1000,1999
"1,0.5,0,0,0","2.0,1.0,0.0,0.4,3.0",0.0778560747824173,64.55007476523079,0.594228360677,0.5993070273351495,18476,三代目 むら上 大井町店,https://tabelog.com/tokyo/A1315/A131501/13094230/,うなぎ,高級和食,35.60730972,139.7351192,東京都品川区東大井5-7-15,2000,2999,2000,2999
"1,0.5,0,0,0","1.0,2.0,0.0,0.4,2.0",0.0901383773508154,63.69031358544292,0.591054124566,0.5978878701206246,19795,うずら亭,https://tabelog.com/tokyo/A1315/A131501/13170627/,居酒屋,居酒屋,35.60736778,139.7350006,東京都品川区東大井5-2-8,,,1000,1999
"1,0.5,0,0,0","0.4,2.4,1.4,0.0,0.0",0.09480908794236029,63.36336384403478,0.509802390302,0.5185433832514138,19980,瓢箪,https://tabelog.com/tokyo/A1315/A131501/13022613/,居酒屋、創作料理、炭火焼き,創作料理・無国籍料理,35.6074325,139.7345594,東京都品川区東大井5-5-11サンライズビル　３Ｆ,,,3000,3999
"1,0.5,0,0,0","0.0,3.0,0.4,0.0,3.0",0.14094216895341805,60.13404817326074,0.314831610121,0.3449400494587014,19248,トラストサルーン,https://tabelog.com/tokyo/A1315/A131501/13050650/,バー、バー・お酒（その他）,バー・お酒,35.60738556,139.73485,東京都品川区東大井5-6-10,1000,1999,2000,2999
"1,0,0.5,0,1","3.0,0.4,0.0,0.0,3.0",0.08420484886820472,64.10566057922567,0.938646508928,0.9424158982611573,19144,CHAP,https://tabelog.com/tokyo/A1315/A131501/13165247/,串揚げ・串かつ、居酒屋、バー,バー・お酒,35.60736583,139.7343,東京都品川区東大井5-4-9,,,1000,1999
"1,0,0.5,0,1","3.0,0.0,0.0,0.4,3.0",0.06691651561783313,65.31584390675168,0.938646508928,0.9410287396168613,19360,丸八とんかつ 本店,https://tabelog.com/tokyo/A1315/A131501/13007363/,とんかつ,Ｂ級和食,35.60731841,139.7341943,東京都品川区東大井5-4-10,1000,1999,1000,1999
"1,0,0.5,0,1","2.4,1.4,0.0,0.0,3.0",0.22497603695936083,54.25167741284474,0.88040877848,0.9086989789973465,18898,お魚sun,https://tabelog.com/tokyo/A1315/A131501/13109164/,魚介料理・海鮮料理、居酒屋、和食（その他）,Ｂ級和食,35.60734914,139.7345573,東京都品川区東大井5-5-7,,,3000,3999
"1,0,0.5,0,1","2.0,1.0,0.0,0.4,3.0",0.0778560747824173,64.55007476523079,0.885823339088,0.8892381888185774,18476,三代目 むら上 大井町店,https://tabelog.com/tokyo/A1315/A131501/13094230/,うなぎ,高級和食,35.60730972,139.7351192,東京都品川区東大井5-7-15,2000,2999,2000,2999
"1,0,0.5,0,1","2.0,1.0,0.4,0.0,1.0",0.19344861598739585,56.45859688088229,0.85954449496,0.8810443268327524,18299,MICHI FISH&OYSTER,https://tabelog.com/tokyo/A1315/A131501/13181885/,オイスターバー、バル・バール、居酒屋,創作料理・無国籍料理,35.60699861,139.7352589,東京都品川区東大井5-12-2ユニーブル大井町102,,,6000,7999
"1,0,0.5,0,1","2.4,0.0,1.8,0.0,0.0",0.3030457745749577,48.786795779752964,0.733333333333,0.7934825261248756,18403,大井町銭場精肉店,https://tabelog.com/tokyo/A1315/A131501/13125061/,焼肉、居酒屋、ステーキ,洋食・西洋料理,35.60663528,139.7341994,東京都品川区東大井5-14-19ISOLA大井町2F,1000,1999,6000,7999
"1,0,0.5,0,1","1.0,2.0,0.0,0.4,2.0",0.0901383773508154,63.69031358544292,0.660818600455,0.6669378904957054,19795,うずら亭,https://tabelog.com/tokyo/A1315/A131501/13170627/,居酒屋,居酒屋,35.60736778,139.7350006,東京都品川区東大井5-2-8,,,1000,1999
"1,0,0.5,0,1","1.4,2.4,0.0,0.0,1.0",0.043239994237661755,66.97320040336368,0.541828369183,0.5435509900212208,19937,唐屋利久,https://tabelog.com/tokyo/A1315/A131501/13028356/,居酒屋、魚介料理・海鮮料理、焼鳥,高級和食,35.60731667,139.7341639,東京都品川区東大井5-4-10,,,5000,5999
"1,0,0.5,0,1","0.0,3.0,0.4,0.0,3.0",0.14094216895341805,60.13404817326074,0.500611471428,0.5200735912491573,19248,トラストサルーン,https://tabelog.com/tokyo/A1315/A131501/13050650/,バー、バー・お酒（その他）,バー・お酒,35.60738556,139.73485,東京都品川区東大井5-6-10,1000,1999,2000,2999
"1,0,0.5,0,1","0.4,2.4,1.4,0.0,0.0",0.09480908794236029,63.36336384403478,0.261239183289,0.27791127008807504,19980,瓢箪,https://tabelog.com/tokyo/A1315/A131501/13022613/,居酒屋、創作料理、炭火焼き,創作料理・無国籍料理,35.6074325,139.7345594,東京都品川区東大井5-5-11サンライズビル　３Ｆ,,,3000,3999
"1,0,0.5,0,0","2.4,0.0,1.8,0.0,0.0",0.3030457745749577,48.786795779752964,0.9838699101,1.0294837257031972,18403,大井町銭場精肉店,https://tabelog.com/tokyo/A1315/A131501/13125061/,焼肉、居酒屋、ステーキ,洋食・西洋料理,35.60663528,139.7341994,東京都品川区東大井5-14-19ISOLA大井町2F,1000,1999,6000,7999
"1,0,0.5,0,0","2.0,1.0,0.4,0.0,1.0",0.19344861598739585,56.45859688088229,0.792824967172,0.8160844292099119,18299,MICHI FISH&OYSTER,https://tabelog.com/tokyo/A1315/A131501/13181885/,オイスターバー、バル・バール、居酒屋,創作料理・無国籍料理,35.60699861,139.7352589,東京都品川区東大井5-12-2ユニーブル大井町102,,,6000,7999
"1,0,0.5,0,0","3.0,0.4,0.0,0.0,3.0",0.08420484886820472,64.10566057922567,0.629663220242,0.6352686262503661,19144,CHAP,https://tabelog.com/tokyo/A1315/A131501/13165247/,串揚げ・串かつ、居酒屋、バー,バー・お酒,35.60736583,139.7343,東京都品川区東大井5-4-9,,,1000,1999
"1,0,0.5,0,0","3.0,0.0,0.0,0.4,3.0",0.06691651561783313,65.31584390675168,0.629663220242,0.6332089631295041,19360,丸八とんかつ 本店,https://tabelog.com/tokyo/A1315/A131501/13007363/,とんかつ,Ｂ級和食,35.60731841,139.7341943,東京都品川区東大井5-4-10,1000,1999,1000,1999
"1,0,0.5,0,0","2.4,1.4,0.0,0.0,3.0",0.22497603695936083,54.25167741284474,0.524974367112,0.5711499832183675,18898,お魚sun,https://tabelog.com/tokyo/A1315/A131501/13109164/,魚介料理・海鮮料理、居酒屋、和食（その他）,Ｂ級和食,35.60734914,139.7345573,東京都品川区東大井5-5-7,,,3000,3999
"1,0,0.5,0,0","2.0,1.0,0.0,0.4,3.0",0.0778560747824173,64.55007476523079,0.475382688542,0.4817159629340687,18476,三代目 むら上 大井町店,https://tabelog.com/tokyo/A1315/A131501/13094230/,うなぎ,高級和食,35.60730972,139.7351192,東京都品川区東大井5-7-15,2000,2999,2000,2999
"1,0,0.5,0,0","1.4,2.4,0.0,0.0,1.0",0.043239994237661755,66.97320040336368,0.424047772971,0.42624665495830105,19937,唐屋利久,https://tabelog.com/tokyo/A1315/A131501/13028356/,居酒屋、魚介料理・海鮮料理、焼鳥,高級和食,35.60731667,139.7341639,東京都品川区東大井5-4-10,,,5000,5999
"1,0,0.5,0,0","0.4,2.4,1.4,0.0,0.0",0.09480908794236029,63.36336384403478,0.350489143332,0.3630859440275413,19980,瓢箪,https://tabelog.com/tokyo/A1315/A131501/13022613/,居酒屋、創作料理、炭火焼き,創作料理・無国籍料理,35.6074325,139.7345594,東京都品川区東大井5-5-11サンライズビル　３Ｆ,,,3000,3999
"1,0,0.5,0,0","1.0,2.0,0.0,0.4,2.0",0.0901383773508154,63.69031358544292,0.295527062283,0.30896791356534536,19795,うずら亭,https://tabelog.com/tokyo/A1315/A131501/13170627/,居酒屋,居酒屋,35.60736778,139.7350006,東京都品川区東大井5-2-8,,,1000,1999
"1,0,0.5,0,0","0.0,3.0,0.4,0.0,3.0",0.14094216895341805,60.13404817326074,0.0419775480161,0.14706056414531657,19248,トラストサルーン,https://tabelog.com/tokyo/A1315/A131501/13050650/,バー、バー・お酒（その他）,バー・お酒,35.60738556,139.73485,東京都品川区東大井5-6-10,1000,1999,2000,2999
"1,0,0,0.5,1","3.0,0.0,0.0,0.4,3.0",0.06691651561783313,65.31584390675168,0.969934725892,0.9722402956851077,19360,丸八とんかつ 本店,https://tabelog.com/tokyo/A1315/A131501/13007363/,とんかつ,Ｂ級和食,35.60731841,139.7341943,東京都品川区東大井5-4-10,1000,1999,1000,1999
"1,0,0,0.5,1","3.0,0.4,0.0,0.0,3.0",0.08420484886820472,64.10566057922567,0.938646508928,0.9424158982611573,19144,CHAP,https://tabelog.com/tokyo/A1315/A131501/13165247/,串揚げ・串かつ、居酒屋、バー,バー・お酒,35.60736583,139.7343,東京都品川区東大井5-4-9,,,1000,1999
"1,0,0,0.5,1","2.0,1.0,0.0,0.4,3.0",0.0778560747824173,64.55007476523079,0.921256272651,0.9245402577930752,18476,三代目 むら上 大井町店,https://tabelog.com/tokyo/A1315/A131501/13094230/,うなぎ,高級和食,35.60730972,139.7351192,東京都品川区東大井5-7-15,2000,2999,2000,2999
"1,0,0,0.5,1","2.4,1.4,0.0,0.0,3.0",0.22497603695936083,54.25167741284474,0.88040877848,0.9086989789973465,18898,お魚sun,https://tabelog.com/tokyo/A1315/A131501/13109164/,魚介料理・海鮮料理、居酒屋、和食（その他）,Ｂ級和食,35.60734914,139.7345573,東京都品川区東大井5-5-7,,,3000,3999
"1,0,0,0.5,1","2.0,1.0,0.4,0.0,1.0",0.19344861598739585,56.45859688088229,0.805822964025,0.8287176940177446,18299,MICHI FISH&OYSTER,https://tabelog.com/tokyo/A1315/A131501/13181885/,オイスターバー、バル・バール、居酒屋,創作料理・無国籍料理,35.60699861,139.7352589,東京都品川区東大井5-12-2ユニーブル大井町102,,,6000,7999
"1,0,0,0.5,1","1.0,2.0,0.0,0.4,2.0",0.0901383773508154,63.69031358544292,0.704873173819,0.7106131987521576,19795,うずら亭,https://tabelog.com/tokyo/A1315/A131501/13170627/,居酒屋,居酒屋,35.60736778,139.7350006,東京都品川区東大井5-2-8,,,1000,1999
"1,0,0,0.5,1","2.4,0.0,1.8,0.0,0.0",0.3030457745749577,48.786795779752964,0.533333333333,0.6134176276666498,18403,大井町銭場精肉店,https://tabelog.com/tokyo/A1315/A131501/13125061/,焼肉、居酒屋、ステーキ,洋食・西洋料理,35.60663528,139.7341994,東京都品川区東大井5-14-19ISOLA大井町2F,1000,1999,6000,7999
"1,0,0,0.5,1","1.4,2.4,0.0,0.0,1.0",0.043239994237661755,66.97320040336368,0.541828369183,0.5435509900212208,19937,唐屋利久,https://tabelog.com/tokyo/A1315/A131501/13028356/,居酒屋、魚介料理・海鮮料理、焼鳥,高級和食,35.60731667,139.7341639,東京都品川区東大井5-4-10,,,5000,5999
"1,0,0,0.5,1","0.0,3.0,0.4,0.0,3.0",0.14094216895341805,60.13404817326074,0.469323254464,0.4900296033607669,19248,トラストサルーン,https://tabelog.com/tokyo/A1315/A131501/13050650/,バー、バー・お酒（その他）,バー・お酒,35.60738556,139.73485,東京都品川区東大井5-6-10,1000,1999,2000,2999
"1,0,0,0.5,1","0.4,2.4,1.4,0.0,0.0",0.09480908794236029,63.36336384403478,0.0949960666505,0.13421257703932676,19980,瓢箪,https://tabelog.com/tokyo/A1315/A131501/13022613/,居酒屋、創作料理、炭火焼き,創作料理・無国籍料理,35.6074325,139.7345594,東京都品川区東大井5-5-11サンライズビル　３Ｆ,,,3000,3999
"1,0,0,0.5,0","2.4,0.0,1.8,0.0,0.0",0.3030457745749577,48.786795779752964,0.7155417528,0.7770693286237309,18403,大井町銭場精肉店,https://tabelog.com/tokyo/A1315/A131501/13125061/,焼肉、居酒屋、ステーキ,洋食・西洋料理,35.60663528,139.7341994,東京都品川区東大井5-14-19ISOLA大井町2F,1000,1999,6000,7999
"1,0,0,0.5,0","2.0,1.0,0.4,0.0,1.0",0.19344861598739585,56.45859688088229,0.720749970156,0.7462592622594096,18299,MICHI FISH&OYSTER,https://tabelog.com/tokyo/A1315/A131501/13181885/,オイスターバー、バル・バール、居酒屋,創作料理・無国籍料理,35.60699861,139.7352589,東京都品川区東大井5-12-2ユニーブル大井町102,,,6000,7999
"1,0,0,0.5,0","3.0,0.0,0.0,0.4,3.0",0.06691651561783313,65.31584390675168,0.671640768258,0.6749660299958322,19360,丸八とんかつ 本店,https://tabelog.com/tokyo/A1315/A131501/13007363/,とんかつ,Ｂ級和食,35.60731841,139.7341943,東京都品川区東大井5-4-10,1000,1999,1000,1999
"1,0,0,0.5,0","3.0,0.4,0.0,0.0,3.0",0.08420484886820472,64.10566057922567,0.629663220242,0.6352686262503661,19144,CHAP,https://tabelog.com/tokyo/A1315/A131501/13165247/,串揚げ・串かつ、居酒屋、バー,バー・お酒,35.60736583,139.7343,東京都品川区東大井5-4-9,,,1000,1999
"1,0,0,0.5,0","2.4,1.4,0.0,0.0,3.0",0.22497603695936083,54.25167741284474,0.524974367112,0.5711499832183675,18898,お魚sun,https://tabelog.com/tokyo/A1315/A131501/13109164/,魚介料理・海鮮料理、居酒屋、和食（その他）,Ｂ級和食,35.60734914,139.7345573,東京都品川区東大井5-5-7,,,3000,3999
"1,0,0,0.5,0","2.0,1.0,0.0,0.4,3.0",0.0778560747824173,64.55007476523079,0.522920957396,0.5286850632126288,18476,三代目 むら上 大井町店,https://tabelog.com/tokyo/A1315/A131501/13094230/,うなぎ,高級和食,35.60730972,139.7351192,東京都品川区東大井5-7-15,2000,2999,2000,2999
"1,0,0,0.5,0","1.4,2.4,0.0,0.0,1.0",0.043239994237661755,66.97320040336368,0.424047772971,0.42624665495830105,19937,唐屋利久,https://tabelog.com/tokyo/A1315/A131501/13028356/,居酒屋、魚介料理・海鮮料理、焼鳥,高級和食,35.60731667,139.7341639,東京都品川区東大井5-4-10,,,5000,5999
"1,0,0,0.5,0","1.0,2.0,0.0,0.4,2.0",0.0901383773508154,63.69031358544292,0.354632474739,0.3659086213949816,19795,うずら亭,https://tabelog.com/tokyo/A1315/A131501/13170627/,居酒屋,居酒屋,35.60736778,139.7350006,東京都品川区東大井5-2-8,,,1000,1999
"1,0,0,0.5,0","0.4,2.4,1.4,0.0,0.0",0.09480908794236029,63.36336384403478,0.127450597575,0.158847152882251,19980,瓢箪,https://tabelog.com/tokyo/A1315/A131501/13022613/,居酒屋、創作料理、炭火焼き,創作料理・無国籍料理,35.6074325,139.7345594,東京都品川区東大井5-5-11サンライズビル　３Ｆ,,,3000,3999
"1,0,0,0.5,0","0.0,3.0,0.4,0.0,3.0",0.14094216895341805,60.13404817326074,0.0,0.14094216895341805,19248,トラストサルーン,https://tabelog.com/tokyo/A1315/A131501/13050650/,バー、バー・お酒（その他）,バー・お酒,35.60738556,139.73485,東京都品川区東大井5-6-10,1000,1999,2000,2999
"0.5,1,0,0,1","1.0,2.0,0.0,0.4,2.0",0.0901383773508154,63.69031358544292,0.991227900683,0.995317877948116,19795,うずら亭,https://tabelog.com/tokyo/A1315/A131501/13170627/,居酒屋,居酒屋,35.60736778,139.7350006,東京都品川区東大井5-2-8,,,1000,1999
"0.5,1,0,0,1","0.0,3.0,0.4,0.0,3.0",0.14094216895341805,60.13404817326074,0.938646508928,0.9491690912117612,19248,トラストサルーン,https://tabelog.com/tokyo/A1315/A131501/13050650/,バー、バー・お酒（その他）,バー・お酒,35.60738556,139.73485,東京都品川区東大井5-6-10,1000,1999,2000,2999
"0.5,1,0,0,1","2.4,1.4,0.0,0.0,3.0",0.22497603695936083,54.25167741284474,0.913016511016,0.940326202226952,18898,お魚sun,https://tabelog.com/tokyo/A1315/A131501/13109164/,魚介料理・海鮮料理、居酒屋、和食（その他）,Ｂ級和食,35.60734914,139.7345573,東京都品川区東大井5-5-7,,,3000,3999
"0.5,1,0,0,1","1.4,2.4,0.0,0.0,1.0",0.043239994237661755,66.97320040336368,0.925623464021,0.9266328799732085,19937,唐屋利久,https://tabelog.com/tokyo/A1315/A131501/13028356/,居酒屋、魚介料理・海鮮料理、焼鳥,高級和食,35.60731667,139.7341639,東京都品川区東大井5-4-10,,,5000,5999
"0.5,1,0,0,1","2.0,1.0,0.0,0.4,3.0",0.0778560747824173,64.55007476523079,0.885823339088,0.8892381888185774,18476,三代目 むら上 大井町店,https://tabelog.com/tokyo/A1315/A131501/13094230/,うなぎ,高級和食,35.60730972,139.7351192,東京都品川区東大井5-7-15,2000,2999,2000,2999
"0.5,1,0,0,1","2.0,1.0,0.4,0.0,1.0",0.19344861598739585,56.45859688088229,0.805822964025,0.8287176940177446,18299,MICHI FISH&OYSTER,https://tabelog.com/tokyo/A1315/A131501/13181885/,オイスターバー、バル・バール、居酒屋,創作料理・無国籍料理,35.60699861,139.7352589,東京都品川区東大井5-12-2ユニーブル大井町102,,,6000,7999
"0.5,1,0,0,1","3.0,0.4,0.0,0.0,3.0",0.08420484886820472,64.10566057922567,0.766561315624,0.7711722940982532,19144,CHAP,https://tabelog.com/tokyo/A1315/A131501/13165247/,串揚げ・串かつ、居酒屋、バー,バー・お酒,35.60736583,139.7343,東京都品川区東大井5-4-9,,,1000,1999
"0.5,1,0,0,1","3.0,0.0,0.0,0.4,3.0",0.06691651561783313,65.31584390675168,0.703984881696,0.7071580684110301,19360,丸八とんかつ 本店,https://tabelog.com/tokyo/A1315/A131501/13007363/,とんかつ,Ｂ級和食,35.60731841,139.7341943,東京都品川区東大井5-4-10,1000,1999,1000,1999
"0.5,1,0,0,1","0.4,2.4,1.4,0.0,0.0",0.09480908794236029,63.36336384403478,0.617474433229,0.6247106841149602,19980,瓢箪,https://tabelog.com/tokyo/A1315/A131501/13022613/,居酒屋、創作料理、炭火焼き,創作料理・無国籍料理,35.6074325,139.7345594,東京都品川区東大井5-5-11サンライズビル　３Ｆ,,,3000,3999
"0.5,1,0,0,1","2.4,0.0,1.8,0.0,0.0",0.3030457745749577,48.786795779752964,0.266666666667,0.403667997987018,18403,大井町銭場精肉店,https://tabelog.com/tokyo/A1315/A131501/13125061/,焼肉、居酒屋、ステーキ,洋食・西洋料理,35.60663528,139.7341994,東京都品川区東大井5-14-19ISOLA大井町2F,1000,1999,6000,7999
"0.5,1,0,0,0","1.4,2.4,0.0,0.0,1.0",0.043239994237661755,66.97320040336368,0.938962925864,0.9399580167478024,19937,唐屋利久,https://tabelog.com/tokyo/A1315/A131501/13028356/,居酒屋、魚介料理・海鮮料理、焼鳥,高級和食,35.60731667,139.7341639,東京都品川区東大井5-4-10,,,5000,5999
"0.5,1,0,0,0","0.4,2.4,1.4,0.0,0.0",0.09480908794236029,63.36336384403478,0.82842888424,0.8338364224475427,19980,瓢箪,https://tabelog.com/tokyo/A1315/A131501/13022613/,居酒屋、創作料理、炭火焼き,創作料理・無国籍料理,35.6074325,139.7345594,東京都品川区東大井5-5-11サンライズビル　３Ｆ,,,3000,3999
"0.5,1,0,0,0","2.0,1.0,0.4,0.0,1.0",0.19344861598739585,56.45859688088229,0.720749970156,0.7462592622594096,18299,MICHI FISH&OYSTER,https://tabelog.com/tokyo/A1315/A131501/13181885/,オイスターバー、バル・バール、居酒屋,創作料理・無国籍料理,35.60699861,139.7352589,東京都品川区東大井5-12-2ユニーブル大井町102,,,6000,7999
"0.5,1,0,0,0","1.0,2.0,0.0,0.4,2.0",0.0901383773508154,63.69031358544292,0.738817655707,0.7442959461502645,19795,うずら亭,https://tabelog.com/tokyo/A1315/A131501/13170627/,居酒屋,居酒屋,35.60736778,139.7350006,東京都品川区東大井5-2-8,,,1000,1999
"0.5,1,0,0,0","0.0,3.0,0.4,0.0,3.0",0.14094216895341805,60.13404817326074,0.629663220242,0.645244500878856,19248,トラストサルーン,https://tabelog.com/tokyo/A1315/A131501/13050650/,バー、バー・お酒（その他）,バー・お酒,35.60738556,139.73485,東京都品川区東大井5-6-10,1000,1999,2000,2999
"0.5,1,0,0,0","2.4,1.4,0.0,0.0,3.0",0.22497603695936083,54.25167741284474,0.568722231038,0.6116037878254962,18898,お魚sun,https://tabelog.com/tokyo/A1315/A131501/13109164/,魚介料理・海鮮料理、居酒屋、和食（その他）,Ｂ級和食,35.60734914,139.7345573,東京都品川区東大井5-5-7,,,3000,3999
"0.5,1,0,0,0","2.0,1.0,0.0,0.4,3.0",0.0778560747824173,64.55007476523079,0.475382688542,0.4817159629340687,18476,三代目 むら上 大井町店,https://tabelog.com/tokyo/A1315/A131501/13094230/,うなぎ,高級和食,35.60730972,139.7351192,東京都品川区東大井5-7-15,2000,2999,2000,2999
"0.5,1,0,0,0","2.4,0.0,1.8,0.0,0.0",0.3030457745749577,48.786795779752964,0.3577708764,0.4688675095245309,18403,大井町銭場精肉店,https://tabelog.com/tokyo/A1315/A131501/13125061/,焼肉、居酒屋、ステーキ,洋食・西洋料理,35.60663528,139.7341994,東京都品川区東大井5-14-19ISOLA大井町2F,1000,1999,6000,7999
"0.5,1,0,0,0","3.0,0.4,0.0,0.0,3.0",0.08420484886820472,64.10566057922567,0.398786706153,0.407579800256738,19144,CHAP,https://tabelog.com/tokyo/A1315/A131501/13165247/,串揚げ・串かつ、居酒屋、バー,バー・お酒,35.60736583,139.7343,東京都品川区東大井5-4-9,,,1000,1999
"0.5,1,0,0,0","3.0,0.0,0.0,0.4,3.0",0.06691651561783313,65.31584390675168,0.314831610121,0.3218645099940489,19360,丸八とんかつ 本店,https://tabelog.com/tokyo/A1315/A131501/13007363/,とんかつ,Ｂ級和食,35.60731841,139.7341943,東京都品川区東大井5-4-10,1000,1999,1000,1999
"0,1,0,0,1","0.0,3.0,0.4,0.0,3.0",0.14094216895341805,60.13404817326074,0.9955849674,1.005511870791225,19248,トラストサルーン,https://tabelog.com/tokyo/A1315/A131501/13050650/,バー、バー・お酒（その他）,バー・お酒,35.60738556,139.73485,東京都品川区東大井5-6-10,1000,1999,2000,2999
"0,1,0,0,1","1.0,2.0,0.0,0.4,2.0",0.0901383773508154,63.69031358544292,0.934538627032,0.9388755894612902,19795,うずら亭,https://tabelog.com/tokyo/A1315/A131501/13170627/,居酒屋,居酒屋,35.60736778,139.7350006,東京都品川区東大井5-2-8,,,1000,1999
"0,1,0,0,1","1.4,2.4,0.0,0.0,1.0",0.043239994237661755,66.97320040336368,0.814152342438,0.8152997815521117,19937,唐屋利久,https://tabelog.com/tokyo/A1315/A131501/13028356/,居酒屋、魚介料理・海鮮料理、焼鳥,高級和食,35.60731667,139.7341639,東京都品川区東大井5-4-10,,,5000,5999
"0,1,0,0,1","2.4,1.4,0.0,0.0,3.0",0.22497603695936083,54.25167741284474,0.760885910253,0.7934491701596218,18898,お魚sun,https://tabelog.com/tokyo/A1315/A131501/13109164/,魚介料理・海鮮料理、居酒屋、和食（その他）,Ｂ級和食,35.60734914,139.7345573,東京都品川区東大井5-5-7,,,3000,3999
"0,1,0,0,1","2.0,1.0,0.0,0.4,3.0",0.0778560747824173,64.55007476523079,0.751646028003,0.7556674664116185,18476,三代目 むら上 大井町店,https://tabelog.com/tokyo/A1315/A131501/13094230/,うなぎ,高級和食,35.60730972,139.7351192,東京都品川区東大井5-7-15,2000,2999,2000,2999
"0,1,0,0,1","0.4,2.4,1.4,0.0,0.0",0.09480908794236029,63.36336384403478,0.604551266232,0.6119403538409607,19980,瓢箪,https://tabelog.com/tokyo/A1315/A131501/13022613/,居酒屋、創作料理、炭火焼き,創作料理・無国籍料理,35.6074325,139.7345594,東京都品川区東大井5-5-11サンライズビル　３Ｆ,,,3000,3999
"0,1,0,0,1","2.0,1.0,0.4,0.0,1.0",0.19344861598739585,56.45859688088229,0.569802882298,0.6017455373351459,18299,MICHI FISH&OYSTER,https://tabelog.com/tokyo/A1315/A131501/13181885/,オイスターバー、バル・バール、居酒屋,創作料理・無国籍料理,35.60699861,139.7352589,東京都品川区東大井5-12-2ユニーブル大井町102,,,6000,7999
"0,1,0,0,1","3.0,0.4,0.0,0.0,3.0",0.08420484886820472,64.10566057922567,0.56416481486,0.5704142309750942,19144,CHAP,https://tabelog.com/tokyo/A1315/A131501/13165247/,串揚げ・串かつ、居酒屋、バー,バー・お酒,35.60736583,139.7343,東京都品川区東大井5-4-9,,,1000,1999
"0,1,0,0,1","3.0,0.0,0.0,0.4,3.0",0.06691651561783313,65.31584390675168,0.4977924837,0.5022700238821998,19360,丸八とんかつ 本店,https://tabelog.com/tokyo/A1315/A131501/13007363/,とんかつ,Ｂ級和食,35.60731841,139.7341943,東京都品川区東大井5-4-10,1000,1999,1000,1999
"0,1,0,0,1","2.4,0.0,1.8,0.0,0.0",0.3030457745749577,48.786795779752964,0.0,0.3030457745749577,18403,大井町銭場精肉店,https://tabelog.com/tokyo/A1315/A131501/13125061/,焼肉、居酒屋、ステーキ,洋食・西洋料理,35.60663528,139.7341994,東京都品川区東大井5-14-19ISOLA大井町2F,1000,1999,6000,7999
"0,1,0,0,0","0.4,2.4,1.4,0.0,0.0",0.09480908794236029,63.36336384403478,0.854964599855,0.8602053418582905,19980,瓢箪,https://tabelog.com/tokyo/A1315/A131501/13022613/,居酒屋、創作料理、炭火焼き,創作料理・無国籍料理,35.6074325,139.7345594,東京都品川区東大井5-5-11サンライズビル　３Ｆ,,,3000,3999
"0,1,0,0,0","1.4,2.4,0.0,0.0,1.0",0.043239994237661755,66.97320040336368,0.812742553774,0.8138919804355302,19937,唐屋利久,https://tabelog.com/tokyo/A1315/A131501/13028356/,居酒屋、魚介料理・海鮮料理、焼鳥,高級和食,35.60731667,139.7341639,東京都品川区東大井5-4-10,,,5000,5999
"0,1,0,0,0","0.0,3.0,0.4,0.0,3.0",0.14094216895341805,60.13404817326074,0.703984881696,0.7179550185392407,19248,トラストサルーン,https://tabelog.com/tokyo/A1315/A131501/13050650/,バー、バー・お酒（その他）,バー・お酒,35.60738556,139.73485,東京都品川区東大井5-6-10,1000,1999,2000,2999
"0,1,0,0,0","1.0,2.0,0.0,0.4,2.0",0.0901383773508154,63.69031358544292,0.660818600455,0.6669378904957054,19795,うずら亭,https://tabelog.com/tokyo/A1315/A131501/13170627/,居酒屋,居酒屋,35.60736778,139.7350006,東京都品川区東大井5-2-8,,,1000,1999
"0,1,0,0,0","2.0,1.0,0.4,0.0,1.0",0.19344861598739585,56.45859688088229,0.402911482013,0.446945219646772,18299,MICHI FISH&OYSTER,https://tabelog.com/tokyo/A1315/A131501/13181885/,オイスターバー、バル・バール、居酒屋,創作料理・無国籍料理,35.60699861,139.7352589,東京都品川区東大井5-12-2ユニーブル大井町102,,,6000,7999
"0,1,0,0,0","2.4,1.4,0.0,0.0,3.0",0.22497603695936083,54.25167741284474,0.342381191631,0.4096817027751115,18898,お魚sun,https://tabelog.com/tokyo/A1315/A131501/13109164/,魚介料理・海鮮料理、居酒屋、和食（その他）,Ｂ級和食,35.60734914,139.7345573,東京都品川区東大井5-5-7,,,3000,3999
"0,1,0,0,0","2.4,0.0,1.8,0.0,0.0",0.3030457745749577,48.786795779752964,0.0,0.3030457745749577,18403,大井町銭場精肉店,https://tabelog.com/tokyo/A1315/A131501/13125061/,焼肉、居酒屋、ステーキ,洋食・西洋料理,35.60663528,139.7341994,東京都品川区東大井5-14-19ISOLA大井町2F,1000,1999,6000,7999
"0,1,0,0,0","2.0,1.0,0.0,0.4,3.0",0.0778560747824173,64.55007476523079,0.265747001726,0.2769170224220227,18476,三代目 むら上 大井町店,https://tabelog.com/tokyo/A1315/A131501/13094230/,うなぎ,高級和食,35.60730972,139.7351192,東京都品川区東大井5-7-15,2000,2999,2000,2999
"0,1,0,0,0","3.0,0.4,0.0,0.0,3.0",0.08420484886820472,64.10566057922567,0.0938646508928,0.1260992833450764,19144,CHAP,https://tabelog.com/tokyo/A1315/A131501/13165247/,串揚げ・串かつ、居酒屋、バー,バー・お酒,35.60736583,139.7343,東京都品川区東大井5-4-9,,,1000,1999
"0,1,0,0,0","3.0,0.0,0.0,0.4,3.0",0.06691651561783313,65.31584390675168,0.0,0.06691651561783313,19360,丸八とんかつ 本店,https://tabelog.com/tokyo/A1315/A131501/13007363/,とんかつ,Ｂ級和食,35.60731841,139.7341943,東京都品川区東大井5-4-10,1000,1999,1000,1999
"0,1,0.5,0,1","0.0,3.0,0.4,0.0,3.0",0.14094216895341805,60.13404817326074,0.969934725892,0.9801214554741305,19248,トラストサルーン,https://tabelog.com/tokyo/A1315/A131501/13050650/,バー、バー・お酒（その他）,バー・お酒,35.60738556,139.73485,東京都品川区東大井5-6-10,1000,1999,2000,2999
"0,1,0.5,0,1","1.0,2.0,0.0,0.4,2.0",0.0901383773508154,63.69031358544292,0.881091467273,0.8856901832884478,19795,うずら亭,https://tabelog.com/tokyo/A1315/A131501/13170627/,居酒屋,居酒屋,35.60736778,139.7350006,東京都品川区東大井5-2-8,,,1000,1999
"0,1,0.5,0,1","1.4,2.4,0.0,0.0,1.0",0.043239994237661755,66.97320040336368,0.767590189676,0.7688071256096133,19937,唐屋利久,https://tabelog.com/tokyo/A1315/A131501/13028356/,居酒屋、魚介料理・海鮮料理、焼鳥,高級和食,35.60731667,139.7341639,東京都品川区東大井5-4-10,,,5000,5999
"0,1,0.5,0,1","2.4,1.4,0.0,0.0,3.0",0.22497603695936083,54.25167741284474,0.717370115799,0.751820523959592,18898,お魚sun,https://tabelog.com/tokyo/A1315/A131501/13109164/,魚介料理・海鮮料理、居酒屋、和食（その他）,Ｂ級和食,35.60734914,139.7345573,東京都品川区東大井5-5-7,,,3000,3999
"0,1,0.5,0,1","0.4,2.4,1.4,0.0,0.0",0.09480908794236029,63.36336384403478,0.736219516542,0.7422990904570779,19980,瓢箪,https://tabelog.com/tokyo/A1315/A131501/13022613/,居酒屋、創作料理、炭火焼き,創作料理・無国籍料理,35.6074325,139.7345594,東京都品川区東大井5-5-11サンライズビル　３Ｆ,,,3000,3999
"0,1,0.5,0,1","2.0,1.0,0.0,0.4,3.0",0.0778560747824173,64.55007476523079,0.70865867127,0.7129226330725722,18476,三代目 むら上 大井町店,https://tabelog.com/tokyo/A1315/A131501/13094230/,うなぎ,高級和食,35.60730972,139.7351192,東京都品川区東大井5-7-15,2000,2999,2000,2999
"0,1,0.5,0,1","2.0,1.0,0.4,0.0,1.0",0.19344861598739585,56.45859688088229,0.590936840285,0.6217947541060379,18299,MICHI FISH&OYSTER,https://tabelog.com/tokyo/A1315/A131501/13181885/,オイスターバー、バル・バール、居酒屋,創作料理・無国籍料理,35.60699861,139.7352589,東京都品川区東大井5-12-2ユニーブル大井町102,,,6000,7999
"0,1,0.5,0,1","3.0,0.4,0.0,0.0,3.0",0.08420484886820472,64.10566057922567,0.531899688392,0.5385236625116014,19144,CHAP,https://tabelog.com/tokyo/A1315/A131501/13165247/,串揚げ・串かつ、居酒屋、バー,バー・お酒,35.60736583,139.7343,東京都品川区東大井5-4-9,,,1000,1999
"0,1,0.5,0,1","3.0,0.0,0.0,0.4,3.0",0.06691651561783313,65.31584390675168,0.469323254464,0.47406975989093464,19360,丸八とんかつ 本店,https://tabelog.com/tokyo/A1315/A131501/13007363/,とんかつ,Ｂ級和食,35.60731841,139.7341943,東京都品川区東大井5-4-10,1000,1999,1000,1999
"0,1,0.5,0,1","2.4,0.0,1.8,0.0,0.0",0.3030457745749577,48.786795779752964,0.2,0.36309329584520844,18403,大井町銭場精肉店,https://tabelog.com/tokyo/A1315/A131501/13125061/,焼肉、居酒屋、ステーキ,洋食・西洋料理,35.60663528,139.7341994,東京都品川区東大井5-14-19ISOLA大井町2F,1000,1999,6000,7999
"0,1,0.5,0,0","0.4,2.4,1.4,0.0,0.0",0.09480908794236029,63.36336384403478,0.98774213121,0.9922818555848734,19980,瓢箪,https://tabelog.com/tokyo/A1315/A131501/13022613/,居酒屋、創作料理、炭火焼き,創作料理・無国籍料理,35.6074325,139.7345594,東京都品川区東大井5-5-11サンライズビル　３Ｆ,,,3000,3999
"0,1,0.5,0,0","1.4,2.4,0.0,0.0,1.0",0.043239994237661755,66.97320040336368,0.726939039378,0.7282239106718141,19937,唐屋利久,https://tabelog.com/tokyo/A1315/A131501/13028356/,居酒屋、魚介料理・海鮮料理、焼鳥,高級和食,35.60731667,139.7341639,東京都品川区東大井5-4-10,,,5000,5999
"0,1,0.5,0,0","0.0,3.0,0.4,0.0,3.0",0.14094216895341805,60.13404817326074,0.671640768258,0.6862696383894575,19248,トラストサルーン,https://tabelog.com/tokyo/A1315/A131501/13050650/,バー、バー・お酒（その他）,バー・お酒,35.60738556,139.73485,東京都品川区東大井5-6-10,1000,1999,2000,2999
"0,1,0.5,0,0","1.0,2.0,0.0,0.4,2.0",0.0901383773508154,63.69031358544292,0.591054124566,0.5978878701206246,19795,うずら亭,https://tabelog.com/tokyo/A1315/A131501/13170627/,居酒屋,居酒屋,35.60736778,139.7350006,東京都品川区東大井5-2-8,,,1000,1999
"0,1,0.5,0,0","2.0,1.0,0.4,0.0,1.0",0.19344861598739585,56.45859688088229,0.432449982094,0.47374608604232915,18299,MICHI FISH&OYSTER,https://tabelog.com/tokyo/A1315/A131501/13181885/,オイスターバー、バル・バール、居酒屋,創作料理・無国籍料理,35.60699861,139.7352589,東京都品川区東大井5-12-2ユニーブル大井町102,,,6000,7999
"0,1,0.5,0,0","2.4,0.0,1.8,0.0,0.0",0.3030457745749577,48.786795779752964,0.2683281573,0.40476751535632904,18403,大井町銭場精肉店,https://tabelog.com/tokyo/A1315/A131501/13125061/,焼肉、居酒屋、ステーキ,洋食・西洋料理,35.60663528,139.7341994,東京都品川区東大井5-14-19ISOLA大井町2F,1000,1999,6000,7999
"0,1,0.5,0,0","2.4,1.4,0.0,0.0,3.0",0.22497603695936083,54.25167741284474,0.306235047482,0.3799922650688561,18898,お魚sun,https://tabelog.com/tokyo/A1315/A131501/13109164/,魚介料理・海鮮料理、居酒屋、和食（その他）,Ｂ級和食,35.60734914,139.7345573,東京都品川区東大井5-5-7,,,3000,3999
"0,1,0.5,0,0","2.0,1.0,0.0,0.4,3.0",0.0778560747824173,64.55007476523079,0.237691344271,0.25011745945009173,18476,三代目 むら上 大井町店,https://tabelog.com/tokyo/A1315/A131501/13094230/,うなぎ,高級和食,35.60730972,139.7351192,東京都品川区東大井5-7-15,2000,2999,2000,2999
"0,1,0.5,0,0","3.0,0.4,0.0,0.0,3.0",0.08420484886820472,64.10566057922567,0.0839550960322,0.11890716850845003,19144,CHAP,https://tabelog.com/tokyo/A1315/A131501/13165247/,串揚げ・串かつ、居酒屋、バー,バー・お酒,35.60736583,139.7343,東京都品川区東大井5-4-9,,,1000,1999
"0,1,0.5,0,0","3.0,0.0,0.0,0.4,3.0",0.06691651561783313,65.31584390675168,0.0,0.06691651561783313,19360,丸八とんかつ 本店,https://tabelog.com/tokyo/A1315/A131501/13007363/,とんかつ,Ｂ級和食,35.60731841,139.7341943,東京都品川区東大井5-4-10,1000,1999,1000,1999
"0,1,0,0.5,1","0.0,3.0,0.4,0.0,3.0",0.14094216895341805,60.13404817326074,0.938646508928,0.9491690912117612,19248,トラストサルーン,https://tabelog.com/tokyo/A1315/A131501/13050650/,バー、バー・お酒（その他）,バー・お酒,35.60738556,139.73485,東京都品川区東大井5-6-10,1000,1999,2000,2999
"0,1,0,0.5,1","1.0,2.0,0.0,0.4,2.0",0.0901383773508154,63.69031358544292,0.925146040637,0.9295268277881968,19795,うずら亭,https://tabelog.com/tokyo/A1315/A131501/13170627/,居酒屋,居酒屋,35.60736778,139.7350006,東京都品川区東大井5-2-8,,,1000,1999
"0,1,0,0.5,1","1.4,2.4,0.0,0.0,1.0",0.043239994237661755,66.97320040336368,0.767590189676,0.7688071256096133,19937,唐屋利久,https://tabelog.com/tokyo/A1315/A131501/13028356/,居酒屋、魚介料理・海鮮料理、焼鳥,高級和食,35.60731667,139.7341639,東京都品川区東大井5-4-10,,,5000,5999
"0,1,0,0.5,1","2.4,1.4,0.0,0.0,3.0",0.22497603695936083,54.25167741284474,0.717370115799,0.751820523959592,18898,お魚sun,https://tabelog.com/tokyo/A1315/A131501/13109164/,魚介料理・海鮮料理、居酒屋、和食（その他）,Ｂ級和食,35.60734914,139.7345573,東京都品川区東大井5-5-7,,,3000,3999
"0,1,0,0.5,1","2.0,1.0,0.0,0.4,3.0",0.0778560747824173,64.55007476523079,0.744091604834,0.7481536505055003,18476,三代目 むら上 大井町店,https://tabelog.com/tokyo/A1315/A131501/13094230/,うなぎ,高級和食,35.60730972,139.7351192,東京都品川区東大井5-7-15,2000,2999,2000,2999
"0,1,0,0.5,1","0.4,2.4,1.4,0.0,0.0",0.09480908794236029,63.36336384403478,0.569976399903,0.5778078050729003,19980,瓢箪,https://tabelog.com/tokyo/A1315/A131501/13022613/,居酒屋、創作料理、炭火焼き,創作料理・無国籍料理,35.6074325,139.7345594,東京都品川区東大井5-5-11サンライズビル　３Ｆ,,,3000,3999
"0,1,0,0.5,1","2.0,1.0,0.4,0.0,1.0",0.19344861598739585,56.45859688088229,0.53721530935,0.5709839364007777,18299,MICHI FISH&OYSTER,https://tabelog.com/tokyo/A1315/A131501/13181885/,オイスターバー、バル・バール、居酒屋,創作料理・無国籍料理,35.60699861,139.7352589,東京都品川区東大井5-12-2ユニーブル大井町102,,,6000,7999
"0,1,0,0.5,1","3.0,0.4,0.0,0.0,3.0",0.08420484886820472,64.10566057922567,0.531899688392,0.5385236625116014,19144,CHAP,https://tabelog.com/tokyo/A1315/A131501/13165247/,串揚げ・串かつ、居酒屋、バー,バー・お酒,35.60736583,139.7343,東京都品川区東大井5-4-9,,,1000,1999
"0,1,0,0.5,1","3.0,0.0,0.0,0.4,3.0",0.06691651561783313,65.31584390675168,0.500611471428,0.5050640210784504,19360,丸八とんかつ 本店,https://tabelog.com/tokyo/A1315/A131501/13007363/,とんかつ,Ｂ級和食,35.60731841,139.7341943,東京都品川区東大井5-4-10,1000,1999,1000,1999
"0,1,0,0.5,1","2.4,0.0,1.8,0.0,0.0",0.3030457745749577,48.786795779752964,0.0,0.3030457745749577,18403,大井町銭場精肉店,https://tabelog.com/tokyo/A1315/A131501/13125061/,焼肉、居酒屋、ステーキ,洋食・西洋料理,35.60663528,139.7341994,東京都品川区東大井5-14-19ISOLA大井町2F,1000,1999,6000,7999
"0,1,0,0.5,0","0.4,2.4,1.4,0.0,0.0",0.09480908794236029,63.36336384403478,0.764703585453,0.7705584577178575,19980,瓢箪,https://tabelog.com/tokyo/A1315/A131501/13022613/,居酒屋、創作料理、炭火焼き,創作料理・無国籍料理,35.6074325,139.7345594,東京都品川区東大井5-5-11サンライズビル　３Ｆ,,,3000,3999
"0,1,0,0.5,0","1.4,2.4,0.0,0.0,1.0",0.043239994237661755,66.97320040336368,0.726939039378,0.7282239106718141,19937,唐屋利久,https://tabelog.com/tokyo/A1315/A131501/13028356/,居酒屋、魚介料理・海鮮料理、焼鳥,高級和食,35.60731667,139.7341639,東京都品川区東大井5-4-10,,,5000,5999
"0,1,0,0.5,0","1.0,2.0,0.0,0.4,2.0",0.0901383773508154,63.69031358544292,0.650159537022,0.6563782070210925,19795,うずら亭,https://tabelog.com/tokyo/A1315/A131501/13170627/,居酒屋,居酒屋,35.60736778,139.7350006,東京都品川区東大井5-2-8,,,1000,1999
"0,1,0,0.5,0","0.0,3.0,0.4,0.0,3.0",0.14094216895341805,60.13404817326074,0.629663220242,0.645244500878856,19248,トラストサルーン,https://tabelog.com/tokyo/A1315/A131501/13050650/,バー、バー・お酒（その他）,バー・お酒,35.60738556,139.73485,東京都品川区東大井5-6-10,1000,1999,2000,2999
"0,1,0,0.5,0","2.0,1.0,0.4,0.0,1.0",0.19344861598739585,56.45859688088229,0.360374985078,0.4090140546455205,18299,MICHI FISH&OYSTER,https://tabelog.com/tokyo/A1315/A131501/13181885/,オイスターバー、バル・バール、居酒屋,創作料理・無国籍料理,35.60699861,139.7352589,東京都品川区東大井5-12-2ユニーブル大井町102,,,6000,7999
"0,1,0,0.5,0","2.4,1.4,0.0,0.0,3.0",0.22497603695936083,54.25167741284474,0.306235047482,0.3799922650688561,18898,お魚sun,https://tabelog.com/tokyo/A1315/A131501/13109164/,魚介料理・海鮮料理、居酒屋、和食（その他）,Ｂ級和食,35.60734914,139.7345573,東京都品川区東大井5-5-7,,,3000,3999
"0,1,0,0.5,0","2.4,0.0,1.8,0.0,0.0",0.3030457745749577,48.786795779752964,0.0,0.3030457745749577,18403,大井町銭場精肉店,https://tabelog.com/tokyo/A1315/A131501/13125061/,焼肉、居酒屋、ステーキ,洋食・西洋料理,35.60663528,139.7341994,東京都品川区東大井5-14-19ISOLA大井町2F,1000,1999,6000,7999
"0,1,0,0.5,0","2.0,1.0,0.0,0.4,3.0",0.0778560747824173,64.55007476523079,0.285229613125,0.29566450680444406,18476,三代目 むら上 大井町店,https://tabelog.com/tokyo/A1315/A131501/13094230/,うなぎ,高級和食,35.60730972,139.7351192,東京都品川区東大井5-7-15,2000,2999,2000,2999
"0,1,0,0.5,0","3.0,0.4,0.0,0.0,3.0",0.08420484886820472,64.10566057922567,0.0839550960322,0.11890716850845003,19144,CHAP,https://tabelog.com/tokyo/A1315/A131501/13165247/,串揚げ・串かつ、居酒屋、バー,バー・お酒,35.60736583,139.7343,東京都品川区東大井5-4-9,,,1000,1999
"0,1,0,0.5,0","3.0,0.0,0.0,0.4,3.0",0.06691651561783313,65.31584390675168,0.0419775480161,0.07899325667344421,19360,丸八とんかつ 本店,https://tabelog.com/tokyo/A1315/A131501/13007363/,とんかつ,Ｂ級和食,35.60731841,139.7341943,東京都品川区東大井5-4-10,1000,1999,1000,1999
"0.5,0,1,0,1","2.4,0.0,1.8,0.0,0.0",0.3030457745749577,48.786795779752964,0.666666666667,0.7323122188876685,18403,大井町銭場精肉店,https://tabelog.com/tokyo/A1315/A131501/13125061/,焼肉、居酒屋、ステーキ,洋食・西洋料理,35.60663528,139.7341994,東京都品川区東大井5-14-19ISOLA大井町2F,1000,1999,6000,7999
"0.5,0,1,0,1","2.4,1.4,0.0,0.0,3.0",0.22497603695936083,54.25167741284474,0.684762383262,0.7207730147120105,18898,お魚sun,https://tabelog.com/tokyo/A1315/A131501/13109164/,魚介料理・海鮮料理、居酒屋、和食（その他）,Ｂ級和食,35.60734914,139.7345573,東京都品川区東大井5-5-7,,,3000,3999
"0.5,0,1,0,1","2.0,1.0,0.0,0.4,3.0",0.0778560747824173,64.55007476523079,0.70865867127,0.7129226330725722,18476,三代目 むら上 大井町店,https://tabelog.com/tokyo/A1315/A131501/13094230/,うなぎ,高級和食,35.60730972,139.7351192,東京都品川区東大井5-7-15,2000,2999,2000,2999
"0.5,0,1,0,1","3.0,0.4,0.0,0.0,3.0",0.08420484886820472,64.10566057922567,0.703984881696,0.7090029409172466,19144,CHAP,https://tabelog.com/tokyo/A1315/A131501/13165247/,串揚げ・串かつ、居酒屋、バー,バー・お酒,35.60736583,139.7343,東京都品川区東大井5-4-9,,,1000,1999
"0.5,0,1,0,1","3.0,0.0,0.0,0.4,3.0",0.06691651561783313,65.31584390675168,0.703984881696,0.7071580684110301,19360,丸八とんかつ 本店,https://tabelog.com/tokyo/A1315/A131501/13007363/,とんかつ,Ｂ級和食,35.60731841,139.7341943,東京都品川区東大井5-4-10,1000,1999,1000,1999
"0.5,0,1,0,1","2.0,1.0,0.4,0.0,1.0",0.19344861598739585,56.45859688088229,0.64465837122,0.6730577854923412,18299,MICHI FISH&OYSTER,https://tabelog.com/tokyo/A1315/A131501/13181885/,オイスターバー、バル・バール、居酒屋,創作料理・無国籍料理,35.60699861,139.7352589,東京都品川区東大井5-12-2ユニーブル大井町102,,,6000,7999
"0.5,0,1,0,1","1.0,2.0,0.0,0.4,2.0",0.0901383773508154,63.69031358544292,0.550682167046,0.558010552027303,19795,うずら亭,https://tabelog.com/tokyo/A1315/A131501/13170627/,居酒屋,居酒屋,35.60736778,139.7350006,東京都品川区東大井5-2-8,,,1000,1999
"0.5,0,1,0,1","0.0,3.0,0.4,0.0,3.0",0.14094216895341805,60.13404817326074,0.531899688392,0.5502562798381186,19248,トラストサルーン,https://tabelog.com/tokyo/A1315/A131501/13050650/,バー、バー・お酒（その他）,バー・お酒,35.60738556,139.73485,東京都品川区東大井5-6-10,1000,1999,2000,2999
"0.5,0,1,0,1","0.4,2.4,1.4,0.0,0.0",0.09480908794236029,63.36336384403478,0.379984266602,0.39163350982986944,19980,瓢箪,https://tabelog.com/tokyo/A1315/A131501/13022613/,居酒屋、創作料理、炭火焼き,創作料理・無国籍料理,35.6074325,139.7345594,東京都品川区東大井5-5-11サンライズビル　３Ｆ,,,3000,3999
"0.5,0,1,0,1","1.4,2.4,0.0,0.0,1.0",0.043239994237661755,66.97320040336368,0.383795094838,0.38622321515321123,19937,唐屋利久,https://tabelog.com/tokyo/A1315/A131501/13028356/,居酒屋、魚介料理・海鮮料理、焼鳥,高級和食,35.60731667,139.7341639,東京都品川区東大井5-4-10,,,5000,5999
"0.5,0,1,0,0","2.4,0.0,1.8,0.0,0.0",0.3030457745749577,48.786795779752964,0.894427191,0.9443710825135085,18403,大井町銭場精肉店,https://tabelog.com/tokyo/A1315/A131501/13125061/,焼肉、居酒屋、ステーキ,洋食・西洋料理,35.60663528,139.7341994,東京都品川区東大井5-14-19ISOLA大井町2F,1000,1999,6000,7999
"0.5,0,1,0,0","2.0,1.0,0.4,0.0,1.0",0.19344861598739585,56.45859688088229,0.50452497911,0.5403404681984253,18299,MICHI FISH&OYSTER,https://tabelog.com/tokyo/A1315/A131501/13181885/,オイスターバー、バル・バール、居酒屋,創作料理・無国籍料理,35.60699861,139.7352589,東京都品川区東大井5-12-2ユニーブル大井町102,,,6000,7999
"0.5,0,1,0,0","0.4,2.4,1.4,0.0,0.0",0.09480908794236029,63.36336384403478,0.509802390302,0.5185433832514137,19980,瓢箪,https://tabelog.com/tokyo/A1315/A131501/13022613/,居酒屋、創作料理、炭火焼き,創作料理・無国籍料理,35.6074325,139.7345594,東京都品川区東大井5-5-11サンライズビル　３Ｆ,,,3000,3999
"0.5,0,1,0,0","2.4,1.4,0.0,0.0,3.0",0.22497603695936083,54.25167741284474,0.262487183556,0.34570759137895735,18898,お魚sun,https://tabelog.com/tokyo/A1315/A131501/13109164/,魚介料理・海鮮料理、居酒屋、和食（その他）,Ｂ級和食,35.60734914,139.7345573,東京都品川区東大井5-5-7,,,3000,3999
"0.5,0,1,0,0","3.0,0.4,0.0,0.0,3.0",0.08420484886820472,64.10566057922567,0.314831610121,0.32589783568504216,19144,CHAP,https://tabelog.com/tokyo/A1315/A131501/13165247/,串揚げ・串かつ、居酒屋、バー,バー・お酒,35.60736583,139.7343,東京都品川区東大井5-4-9,,,1000,1999
"0.5,0,1,0,0","3.0,0.0,0.0,0.4,3.0",0.06691651561783313,65.31584390675168,0.314831610121,0.3218645099940489,19360,丸八とんかつ 本店,https://tabelog.com/tokyo/A1315/A131501/13007363/,とんかつ,Ｂ級和食,35.60731841,139.7341943,東京都品川区東大井5-4-10,1000,1999,1000,1999
"0.5,0,1,0,0","2.0,1.0,0.0,0.4,3.0",0.0778560747824173,64.55007476523079,0.237691344271,0.25011745945009173,18476,三代目 むら上 大井町店,https://tabelog.com/tokyo/A1315/A131501/13094230/,うなぎ,高級和食,35.60730972,139.7351192,東京都品川区東大井5-7-15,2000,2999,2000,2999
"0.5,0,1,0,0","1.4,2.4,0.0,0.0,1.0",0.043239994237661755,66.97320040336368,0.212023886485,0.21638813632461462,19937,唐屋利久,https://tabelog.com/tokyo/A1315/A131501/13028356/,居酒屋、魚介料理・海鮮料理、焼鳥,高級和食,35.60731667,139.7341639,東京都品川区東大井5-4-10,,,5000,5999
"0.5,0,1,0,0","1.0,2.0,0.0,0.4,2.0",0.0901383773508154,63.69031358544292,0.147763531141,0.17308664941817198,19795,うずら亭,https://tabelog.com/tokyo/A1315/A131501/13170627/,居酒屋,居酒屋,35.60736778,139.7350006,東京都品川区東大井5-2-8,,,1000,1999
"0.5,0,1,0,0","0.0,3.0,0.4,0.0,3.0",0.14094216895341805,60.13404817326074,0.0839550960322,0.16405228782029702,19248,トラストサルーン,https://tabelog.com/tokyo/A1315/A131501/13050650/,バー、バー・お酒（その他）,バー・お酒,35.60738556,139.73485,東京都品川区東大井5-6-10,1000,1999,2000,2999
"0,0.5,1,0,1","0.0,3.0,0.4,0.0,3.0",0.14094216895341805,60.13404817326074,0.766561315624,0.7794106399075774,19248,トラストサルーン,https://tabelog.com/tokyo/A1315/A131501/13050650/,バー、バー・お酒（その他）,バー・お酒,35.60738556,139.73485,東京都品川区東大井5-6-10,1000,1999,2000,2999
"0,0.5,1,0,1","1.0,2.0,0.0,0.4,2.0",0.0901383773508154,63.69031358544292,0.660818600455,0.6669378904957054,19795,うずら亭,https://tabelog.com/tokyo/A1315/A131501/13170627/,居酒屋,居酒屋,35.60736778,139.7350006,東京都品川区東大井5-2-8,,,1000,1999
"0,0.5,1,0,1","2.4,1.4,0.0,0.0,3.0",0.22497603695936083,54.25167741284474,0.603243051922,0.6438294781210263,18898,お魚sun,https://tabelog.com/tokyo/A1315/A131501/13109164/,魚介料理・海鮮料理、居酒屋、和食（その他）,Ｂ級和食,35.60734914,139.7345573,東京都品川区東大井5-5-7,,,3000,3999
"0,0.5,1,0,1","2.0,1.0,0.0,0.4,3.0",0.0778560747824173,64.55007476523079,0.620076337362,0.6249449836075225,18476,三代目 むら上 大井町店,https://tabelog.com/tokyo/A1315/A131501/13094230/,うなぎ,高級和食,35.60730972,139.7351192,東京都品川区東大井5-7-15,2000,2999,2000,2999
"0,0.5,1,0,1","0.4,2.4,1.4,0.0,0.0",0.09480908794236029,63.36336384403478,0.617474433229,0.6247106841149601,19980,瓢箪,https://tabelog.com/tokyo/A1315/A131501/13022613/,居酒屋、創作料理、炭火焼き,創作料理・無国籍料理,35.6074325,139.7345594,東京都品川区東大井5-5-11サンライズビル　３Ｆ,,,3000,3999
"0,0.5,1,0,1","2.0,1.0,0.4,0.0,1.0",0.19344861598739585,56.45859688088229,0.510354543883,0.5457876212311886,18299,MICHI FISH&OYSTER,https://tabelog.com/tokyo/A1315/A131501/13181885/,オイスターバー、バル・バール、居酒屋,創作料理・無国籍料理,35.60699861,139.7352589,東京都品川区東大井5-12-2ユニーブル大井町102,,,6000,7999
"0,0.5,1,0,1","3.0,0.4,0.0,0.0,3.0",0.08420484886820472,64.10566057922567,0.500611471428,0.5076438731024131,19144,CHAP,https://tabelog.com/tokyo/A1315/A131501/13165247/,串揚げ・串かつ、居酒屋、バー,バー・お酒,35.60736583,139.7343,東京都品川区東大井5-4-9,,,1000,1999
"0,0.5,1,0,1","2.4,0.0,1.8,0.0,0.0",0.3030457745749577,48.786795779752964,0.4,0.5018333802047609,18403,大井町銭場精肉店,https://tabelog.com/tokyo/A1315/A131501/13125061/,焼肉、居酒屋、ステーキ,洋食・西洋料理,35.60663528,139.7341994,東京都品川区東大井5-14-19ISOLA大井町2F,1000,1999,6000,7999
"0,0.5,1,0,1","1.4,2.4,0.0,0.0,1.0",0.043239994237661755,66.97320040336368,0.496676005084,0.4985546621266084,19937,唐屋利久,https://tabelog.com/tokyo/A1315/A131501/13028356/,居酒屋、魚介料理・海鮮料理、焼鳥,高級和食,35.60731667,139.7341639,東京都品川区東大井5-4-10,,,5000,5999
"0,0.5,1,0,1","3.0,0.0,0.0,0.4,3.0",0.06691651561783313,65.31584390675168,0.469323254464,0.47406975989093464,19360,丸八とんかつ 本店,https://tabelog.com/tokyo/A1315/A131501/13007363/,とんかつ,Ｂ級和食,35.60731841,139.7341943,東京都品川区東大井5-4-10,1000,1999,1000,1999
"0,0.5,1,0,0","0.4,2.4,1.4,0.0,0.0",0.09480908794236029,63.36336384403478,0.82842888424,0.8338364224475426,19980,瓢箪,https://tabelog.com/tokyo/A1315/A131501/13022613/,居酒屋、創作料理、炭火焼き,創作料理・無国籍料理,35.6074325,139.7345594,東京都品川区東大井5-5-11サンライズビル　３Ｆ,,,3000,3999
"0,0.5,1,0,0","2.4,0.0,1.8,0.0,0.0",0.3030457745749577,48.786795779752964,0.5366563146,0.6163089659316471,18403,大井町銭場精肉店,https://tabelog.com/tokyo/A1315/A131501/13125061/,焼肉、居酒屋、ステーキ,洋食・西洋料理,35.60663528,139.7341994,東京都品川区東大井5-14-19ISOLA大井町2F,1000,1999,6000,7999
"0,0.5,1,0,0","0.0,3.0,0.4,0.0,3.0",0.14094216895341805,60.13404817326074,0.398786706153,0.4229604378587897,19248,トラストサルーン,https://tabelog.com/tokyo/A1315/A131501/13050650/,バー、バー・お酒（その他）,バー・お酒,35.60738556,139.73485,東京都品川区東大井5-6-10,1000,1999,2000,2999
"0,0.5,1,0,0","2.0,1.0,0.4,0.0,1.0",0.19344861598739585,56.45859688088229,0.32433748657,0.3776468882729529,18299,MICHI FISH&OYSTER,https://tabelog.com/tokyo/A1315/A131501/13181885/,オイスターバー、バル・バール、居酒屋,創作料理・無国籍料理,35.60699861,139.7352589,東京都品川区東大井5-12-2ユニーブル大井町102,,,6000,7999
"0,0.5,1,0,0","1.4,2.4,0.0,0.0,1.0",0.043239994237661755,66.97320040336368,0.363469519689,0.3660324969791512,19937,唐屋利久,https://tabelog.com/tokyo/A1315/A131501/13028356/,居酒屋、魚介料理・海鮮料理、焼鳥,高級和食,35.60731667,139.7341639,東京都品川区東大井5-4-10,,,5000,5999
"0,0.5,1,0,0","1.0,2.0,0.0,0.4,2.0",0.0901383773508154,63.69031358544292,0.295527062283,0.30896791356534536,19795,うずら亭,https://tabelog.com/tokyo/A1315/A131501/13170627/,居酒屋,居酒屋,35.60736778,139.7350006,東京都品川区東大井5-2-8,,,1000,1999
"0,0.5,1,0,0","2.4,1.4,0.0,0.0,3.0",0.22497603695936083,54.25167741284474,0.153117523741,0.27213818784304183,18898,お魚sun,https://tabelog.com/tokyo/A1315/A131501/13109164/,魚介料理・海鮮料理、居酒屋、和食（その他）,Ｂ級和食,35.60734914,139.7345573,東京都品川区東大井5-5-7,,,3000,3999
"0,0.5,1,0,0","2.0,1.0,0.0,0.4,3.0",0.0778560747824173,64.55007476523079,0.118845672135,0.14207695860285047,18476,三代目 むら上 大井町店,https://tabelog.com/tokyo/A1315/A131501/13094230/,うなぎ,高級和食,35.60730972,139.7351192,東京都品川区東大井5-7-15,2000,2999,2000,2999
"0,0.5,1,0,0","3.0,0.4,0.0,0.0,3.0",0.08420484886820472,64.10566057922567,0.0419775480161,0.09408810291616114,19144,CHAP,https://tabelog.com/tokyo/A1315/A131501/13165247/,串揚げ・串かつ、居酒屋、バー,バー・お酒,35.60736583,139.7343,東京都品川区東大井5-4-9,,,1000,1999
"0,0.5,1,0,0","3.0,0.0,0.0,0.4,3.0",0.06691651561783313,65.31584390675168,0.0,0.06691651561783313,19360,丸八とんかつ 本店,https://tabelog.com/tokyo/A1315/A131501/13007363/,とんかつ,Ｂ級和食,35.60731841,139.7341943,東京都品川区東大井5-4-10,1000,1999,1000,1999
"0,0,1,0,1","0.0,3.0,0.4,0.0,3.0",0.14094216895341805,60.13404817326074,0.56416481486,0.5815037689605157,19248,トラストサルーン,https://tabelog.com/tokyo/A1315/A131501/13050650/,バー、バー・お酒（その他）,バー・お酒,35.60738556,139.73485,東京都品川区東大井5-6-10,1000,1999,2000,2999
"0,0,1,0,1","2.0,1.0,0.0,0.4,3.0",0.0778560747824173,64.55007476523079,0.563734521002,0.5690853877495159,18476,三代目 むら上 大井町店,https://tabelog.com/tokyo/A1315/A131501/13094230/,うなぎ,高級和食,35.60730972,139.7351192,東京都品川区東大井5-7-15,2000,2999,2000,2999
"0,0,1,0,1","2.4,1.4,0.0,0.0,3.0",0.22497603695936083,54.25167741284474,0.5187858479,0.565467039876597,18898,お魚sun,https://tabelog.com/tokyo/A1315/A131501/13109164/,魚介料理・海鮮料理、居酒屋、和食（その他）,Ｂ級和食,35.60734914,139.7345573,東京都品川区東大井5-5-7,,,3000,3999
"0,0,1,0,1","2.4,0.0,1.8,0.0,0.0",0.3030457745749577,48.786795779752964,0.424264068712,0.5213796519694032,18403,大井町銭場精肉店,https://tabelog.com/tokyo/A1315/A131501/13125061/,焼肉、居酒屋、ステーキ,洋食・西洋料理,35.60663528,139.7341994,東京都品川区東大井5-14-19ISOLA大井町2F,1000,1999,6000,7999
"0,0,1,0,1","3.0,0.4,0.0,0.0,3.0",0.08420484886820472,64.10566057922567,0.4977924837,0.5048641534126889,19144,CHAP,https://tabelog.com/tokyo/A1315/A131501/13165247/,串揚げ・串かつ、居酒屋、バー,バー・お酒,35.60736583,139.7343,東京都品川区東大井5-4-9,,,1000,1999
"0,0,1,0,1","3.0,0.0,0.0,0.4,3.0",0.06691651561783313,65.31584390675168,0.4977924837,0.5022700238821998,19360,丸八とんかつ 本店,https://tabelog.com/tokyo/A1315/A131501/13007363/,とんかつ,Ｂ級和食,35.60731841,139.7341943,東京都品川区東大井5-4-10,1000,1999,1000,1999
"0,0,1,0,1","1.0,2.0,0.0,0.4,2.0",0.0901383773508154,63.69031358544292,0.467269313516,0.47588395478850704,19795,うずら亭,https://tabelog.com/tokyo/A1315/A131501/13170627/,居酒屋,居酒屋,35.60736778,139.7350006,東京都品川区東大井5-2-8,,,1000,1999
"0,0,1,0,1","2.0,1.0,0.4,0.0,1.0",0.19344861598739585,56.45859688088229,0.398862017609,0.443298179692121,18299,MICHI FISH&OYSTER,https://tabelog.com/tokyo/A1315/A131501/13181885/,オイスターバー、バル・バール、居酒屋,創作料理・無国籍料理,35.60699861,139.7352589,東京都品川区東大井5-12-2ユニーブル大井町102,,,6000,7999
"0,0,1,0,1","0.4,2.4,1.4,0.0,0.0",0.09480908794236029,63.36336384403478,0.352654905302,0.365177005560269,19980,瓢箪,https://tabelog.com/tokyo/A1315/A131501/13022613/,居酒屋、創作料理、炭火焼き,創作料理・無国籍料理,35.6074325,139.7345594,東京都品川区東大井5-5-11サンライズビル　３Ｆ,,,3000,3999
"0,0,1,0,1","1.4,2.4,0.0,0.0,1.0",0.043239994237661755,66.97320040336368,0.239456571305,0.24332929672145406,19937,唐屋利久,https://tabelog.com/tokyo/A1315/A131501/13028356/,居酒屋、魚介料理・海鮮料理、焼鳥,高級和食,35.60731667,139.7341639,東京都品川区東大井5-4-10,,,5000,5999
"0,0,1,0,0","2.4,0.0,1.8,0.0,0.0",0.3030457745749577,48.786795779752964,0.6,0.6721880253974598,18403,大井町銭場精肉店,https://tabelog.com/tokyo/A1315/A131501/13125061/,焼肉、居酒屋、ステーキ,洋食・西洋料理,35.60663528,139.7341994,東京都品川区東大井5-14-19ISOLA大井町2F,1000,1999,6000,7999
"0,0,1,0,0","0.4,2.4,1.4,0.0,0.0",0.09480908794236029,63.36336384403478,0.498729349915,0.5076610361485971,19980,瓢箪,https://tabelog.com/tokyo/A1315/A131501/13022613/,居酒屋、創作料理、炭火焼き,創作料理・無国籍料理,35.6074325,139.7345594,東京都品川区東大井5-5-11サンライズビル　３Ｆ,,,3000,3999
"0,0,1,0,0","2.0,1.0,0.4,0.0,1.0",0.19344861598739585,56.45859688088229,0.161164592805,0.25178640352780157,18299,MICHI FISH&OYSTER,https://tabelog.com/tokyo/A1315/A131501/13181885/,オイスターバー、バル・バール、居酒屋,創作料理・無国籍料理,35.60699861,139.7352589,東京都品川区東大井5-12-2ユニーブル大井町102,,,6000,7999
"0,0,1,0,0","2.4,1.4,0.0,0.0,3.0",0.22497603695936083,54.25167741284474,0.0,0.22497603695936083,18898,お魚sun,https://tabelog.com/tokyo/A1315/A131501/13109164/,魚介料理・海鮮料理、居酒屋、和食（その他）,Ｂ級和食,35.60734914,139.7345573,東京都品川区東大井5-5-7,,,3000,3999
"0,0,1,0,0","0.0,3.0,0.4,0.0,3.0",0.14094216895341805,60.13404817326074,0.0938646508928,0.16933773258349277,19248,トラストサルーン,https://tabelog.com/tokyo/A1315/A131501/13050650/,バー、バー・お酒（その他）,バー・お酒,35.60738556,139.73485,東京都品川区東大井5-6-10,1000,1999,2000,2999
"0,0,1,0,0","1.0,2.0,0.0,0.4,2.0",0.0901383773508154,63.69031358544292,0.0,0.0901383773508154,19795,うずら亭,https://tabelog.com/tokyo/A1315/A131501/13170627/,居酒屋,居酒屋,35.60736778,139.7350006,東京都品川区東大井5-2-8,,,1000,1999
"0,0,1,0,0","3.0,0.4,0.0,0.0,3.0",0.08420484886820472,64.10566057922567,0.0,0.08420484886820472,19144,CHAP,https://tabelog.com/tokyo/A1315/A131501/13165247/,串揚げ・串かつ、居酒屋、バー,バー・お酒,35.60736583,139.7343,東京都品川区東大井5-4-9,,,1000,1999
"0,0,1,0,0","2.0,1.0,0.0,0.4,3.0",0.0778560747824173,64.55007476523079,0.0,0.0778560747824173,18476,三代目 むら上 大井町店,https://tabelog.com/tokyo/A1315/A131501/13094230/,うなぎ,高級和食,35.60730972,139.7351192,東京都品川区東大井5-7-15,2000,2999,2000,2999
"0,0,1,0,0","3.0,0.0,0.0,0.4,3.0",0.06691651561783313,65.31584390675168,0.0,0.06691651561783313,19360,丸八とんかつ 本店,https://tabelog.com/tokyo/A1315/A131501/13007363/,とんかつ,Ｂ級和食,35.60731841,139.7341943,東京都品川区東大井5-4-10,1000,1999,1000,1999
"0,0,1,0,0","1.4,2.4,0.0,0.0,1.0",0.043239994237661755,66.97320040336368,0.0,0.043239994237661755,19937,唐屋利久,https://tabelog.com/tokyo/A1315/A131501/13028356/,居酒屋、魚介料理・海鮮料理、焼鳥,高級和食,35.60731667,139.7341639,東京都品川区東大井5-4-10,,,5000,5999
"0,0,1,0.5,1","2.0,1.0,0.0,0.4,3.0",0.0778560747824173,64.55007476523079,0.566926937016,0.5722479535089242,18476,三代目 むら上 大井町店,https://tabelog.com/tokyo/A1315/A131501/13094230/,うなぎ,高級和食,35.60730972,139.7351192,東京都品川区東大井5-7-15,2000,2999,2000,2999
"0,0,1,0.5,1","0.0,3.0,0.4,0.0,3.0",0.14094216895341805,60.13404817326074,0.531899688392,0.5502562798381186,19248,トラストサルーン,https://tabelog.com/tokyo/A1315/A131501/13050650/,バー、バー・お酒（その他）,バー・お酒,35.60738556,139.73485,東京都品川区東大井5-6-10,1000,1999,2000,2999
"0,0,1,0.5,1","2.4,1.4,0.0,0.0,3.0",0.22497603695936083,54.25167741284474,0.489115988045,0.5383759531839301,18898,お魚sun,https://tabelog.com/tokyo/A1315/A131501/13109164/,魚介料理・海鮮料理、居酒屋、和食（その他）,Ｂ級和食,35.60734914,139.7345573,東京都品川区東大井5-5-7,,,3000,3999
"0,0,1,0.5,1","3.0,0.0,0.0,0.4,3.0",0.06691651561783313,65.31584390675168,0.500611471428,0.5050640210784504,19360,丸八とんかつ 本店,https://tabelog.com/tokyo/A1315/A131501/13007363/,とんかつ,Ｂ級和食,35.60731841,139.7341943,東京都品川区東大井5-4-10,1000,1999,1000,1999
"0,0,1,0.5,1","2.4,0.0,1.8,0.0,0.0",0.3030457745749577,48.786795779752964,0.4,0.5018333802047609,18403,大井町銭場精肉店,https://tabelog.com/tokyo/A1315/A131501/13125061/,焼肉、居酒屋、ステーキ,洋食・西洋料理,35.60663528,139.7341994,東京都品川区東大井5-14-19ISOLA大井町2F,1000,1999,6000,7999
"0,0,1,0.5,1","1.0,2.0,0.0,0.4,2.0",0.0901383773508154,63.69031358544292,0.484600307,0.49291214695553925,19795,うずら亭,https://tabelog.com/tokyo/A1315/A131501/13170627/,居酒屋,居酒屋,35.60736778,139.7350006,東京都品川区東大井5-2-8,,,1000,1999
"0,0,1,0.5,1","3.0,0.4,0.0,0.0,3.0",0.08420484886820472,64.10566057922567,0.469323254464,0.4768173379330222,19144,CHAP,https://tabelog.com/tokyo/A1315/A131501/13165247/,串揚げ・串かつ、居酒屋、バー,バー・お酒,35.60736583,139.7343,東京都品川区東大井5-4-9,,,1000,1999
"0,0,1,0.5,1","2.0,1.0,0.4,0.0,1.0",0.19344861598739585,56.45859688088229,0.376050716545,0.4228906577847048,18299,MICHI FISH&OYSTER,https://tabelog.com/tokyo/A1315/A131501/13181885/,オイスターバー、バル・バール、居酒屋,創作料理・無国籍料理,35.60699861,139.7352589,東京都品川区東大井5-12-2ユニーブル大井町102,,,6000,7999
"0,0,1,0.5,1","0.4,2.4,1.4,0.0,0.0",0.09480908794236029,63.36336384403478,0.332486233277,0.3457395818750453,19980,瓢箪,https://tabelog.com/tokyo/A1315/A131501/13022613/,居酒屋、創作料理、炭火焼き,創作料理・無国籍料理,35.6074325,139.7345594,東京都品川区東大井5-5-11サンライズビル　３Ｆ,,,3000,3999
"0,0,1,0.5,1","1.4,2.4,0.0,0.0,1.0",0.043239994237661755,66.97320040336368,0.225761820493,0.22986538820345667,19937,唐屋利久,https://tabelog.com/tokyo/A1315/A131501/13028356/,居酒屋、魚介料理・海鮮料理、焼鳥,高級和食,35.60731667,139.7341639,東京都品川区東大井5-4-10,,,5000,5999
"0,0,1,0.5,0","2.4,0.0,1.8,0.0,0.0",0.3030457745749577,48.786795779752964,0.5366563146,0.6163089659316471,18403,大井町銭場精肉店,https://tabelog.com/tokyo/A1315/A131501/13125061/,焼肉、居酒屋、ステーキ,洋食・西洋料理,35.60663528,139.7341994,東京都品川区東大井5-14-19ISOLA大井町2F,1000,1999,6000,7999
"0,0,1,0.5,0","0.4,2.4,1.4,0.0,0.0",0.09480908794236029,63.36336384403478,0.446077091514,0.4560411546451332,19980,瓢箪,https://tabelog.com/tokyo/A1315/A131501/13022613/,居酒屋、創作料理、炭火焼き,創作料理・無国籍料理,35.6074325,139.7345594,東京都品川区東大井5-5-11サンライズビル　３Ｆ,,,3000,3999
"0,0,1,0.5,0","2.0,1.0,0.4,0.0,1.0",0.19344861598739585,56.45859688088229,0.144149994031,0.24125005244903,18299,MICHI FISH&OYSTER,https://tabelog.com/tokyo/A1315/A131501/13181885/,オイスターバー、バル・バール、居酒屋,創作料理・無国籍料理,35.60699861,139.7352589,東京都品川区東大井5-12-2ユニーブル大井町102,,,6000,7999
"0,0,1,0.5,0","2.4,1.4,0.0,0.0,3.0",0.22497603695936083,54.25167741284474,0.0,0.22497603695936083,18898,お魚sun,https://tabelog.com/tokyo/A1315/A131501/13109164/,魚介料理・海鮮料理、居酒屋、和食（その他）,Ｂ級和食,35.60734914,139.7345573,東京都品川区東大井5-5-7,,,3000,3999
"0,0,1,0.5,0","0.0,3.0,0.4,0.0,3.0",0.14094216895341805,60.13404817326074,0.0839550960322,0.16405228782029702,19248,トラストサルーン,https://tabelog.com/tokyo/A1315/A131501/13050650/,バー、バー・お酒（その他）,バー・お酒,35.60738556,139.73485,東京都品川区東大井5-6-10,1000,1999,2000,2999
"0,0,1,0.5,0","1.0,2.0,0.0,0.4,2.0",0.0901383773508154,63.69031358544292,0.0591054124566,0.1077885747799709,19795,うずら亭,https://tabelog.com/tokyo/A1315/A131501/13170627/,居酒屋,居酒屋,35.60736778,139.7350006,東京都品川区東大井5-2-8,,,1000,1999
"0,0,1,0.5,0","2.0,1.0,0.0,0.4,3.0",0.0778560747824173,64.55007476523079,0.0475382688542,0.0912220115223024,18476,三代目 むら上 大井町店,https://tabelog.com/tokyo/A1315/A131501/13094230/,うなぎ,高級和食,35.60730972,139.7351192,東京都品川区東大井5-7-15,2000,2999,2000,2999
"0,0,1,0.5,0","3.0,0.4,0.0,0.0,3.0",0.08420484886820472,64.10566057922567,0.0,0.08420484886820472,19144,CHAP,https://tabelog.com/tokyo/A1315/A131501/13165247/,串揚げ・串かつ、居酒屋、バー,バー・お酒,35.60736583,139.7343,東京都品川区東大井5-4-9,,,1000,1999
"0,0,1,0.5,0","3.0,0.0,0.0,0.4,3.0",0.06691651561783313,65.31584390675168,0.0419775480161,0.07899325667344421,19360,丸八とんかつ 本店,https://tabelog.com/tokyo/A1315/A131501/13007363/,とんかつ,Ｂ級和食,35.60731841,139.7341943,東京都品川区東大井5-4-10,1000,1999,1000,1999
"0,0,1,0.5,0","1.4,2.4,0.0,0.0,1.0",0.043239994237661755,66.97320040336368,0.0,0.043239994237661755,19937,唐屋利久,https://tabelog.com/tokyo/A1315/A131501/13028356/,居酒屋、魚介料理・海鮮料理、焼鳥,高級和食,35.60731667,139.7341639,東京都品川区東大井5-4-10,,,5000,5999
"0.5,0,0,1,1","2.0,1.0,0.0,0.4,3.0",0.0778560747824173,64.55007476523079,0.779524538397,0.7834028812457332,18476,三代目 むら上 大井町店,https://tabelog.com/tokyo/A1315/A131501/13094230/,うなぎ,高級和食,35.60730972,139.7351192,東京都品川区東大井5-7-15,2000,2999,2000,2999
"0.5,0,0,1,1","3.0,0.0,0.0,0.4,3.0",0.06691651561783313,65.31584390675168,0.766561315624,0.7694764913070945,19360,丸八とんかつ 本店,https://tabelog.com/tokyo/A1315/A131501/13007363/,とんかつ,Ｂ級和食,35.60731841,139.7341943,東京都品川区東大井5-4-10,1000,1999,1000,1999
"0.5,0,0,1,1","2.4,1.4,0.0,0.0,3.0",0.22497603695936083,54.25167741284474,0.684762383262,0.7207730147120105,18898,お魚sun,https://tabelog.com/tokyo/A1315/A131501/13109164/,魚介料理・海鮮料理、居酒屋、和食（その他）,Ｂ級和食,35.60734914,139.7345573,東京都品川区東大井5-5-7,,,3000,3999
"0.5,0,0,1,1","3.0,0.4,0.0,0.0,3.0",0.08420484886820472,64.10566057922567,0.703984881696,0.7090029409172466,19144,CHAP,https://tabelog.com/tokyo/A1315/A131501/13165247/,串揚げ・串かつ、居酒屋、バー,バー・お酒,35.60736583,139.7343,東京都品川区東大井5-4-9,,,1000,1999
"0.5,0,0,1,1","1.0,2.0,0.0,0.4,2.0",0.0901383773508154,63.69031358544292,0.638791313773,0.6451195777711268,19795,うずら亭,https://tabelog.com/tokyo/A1315/A131501/13170627/,居酒屋,居酒屋,35.60736778,139.7350006,東京都品川区東大井5-2-8,,,1000,1999
"0.5,0,0,1,1","2.0,1.0,0.4,0.0,1.0",0.19344861598739585,56.45859688088229,0.53721530935,0.5709839364007777,18299,MICHI FISH&OYSTER,https://tabelog.com/tokyo/A1315/A131501/13181885/,オイスターバー、バル・バール、居酒屋,創作料理・無国籍料理,35.60699861,139.7352589,東京都品川区東大井5-12-2ユニーブル大井町102,,,6000,7999
"0.5,0,0,1,1","0.0,3.0,0.4,0.0,3.0",0.14094216895341805,60.13404817326074,0.469323254464,0.4900296033607669,19248,トラストサルーン,https://tabelog.com/tokyo/A1315/A131501/13050650/,バー、バー・お酒（その他）,バー・お酒,35.60738556,139.73485,東京都品川区東大井5-6-10,1000,1999,2000,2999
"0.5,0,0,1,1","2.4,0.0,1.8,0.0,0.0",0.3030457745749577,48.786795779752964,0.266666666667,0.403667997987018,18403,大井町銭場精肉店,https://tabelog.com/tokyo/A1315/A131501/13125061/,焼肉、居酒屋、ステーキ,洋食・西洋料理,35.60663528,139.7341994,東京都品川区東大井5-14-19ISOLA大井町2F,1000,1999,6000,7999
"0.5,0,0,1,1","1.4,2.4,0.0,0.0,1.0",0.043239994237661755,66.97320040336368,0.383795094838,0.38622321515321123,19937,唐屋利久,https://tabelog.com/tokyo/A1315/A131501/13028356/,居酒屋、魚介料理・海鮮料理、焼鳥,高級和食,35.60731667,139.7341639,東京都品川区東大井5-4-10,,,5000,5999
"0.5,0,0,1,1","0.4,2.4,1.4,0.0,0.0",0.09480908794236029,63.36336384403478,0.0474980333253,0.10604162544129056,19980,瓢箪,https://tabelog.com/tokyo/A1315/A131501/13022613/,居酒屋、創作料理、炭火焼き,創作料理・無国籍料理,35.6074325,139.7345594,東京都品川区東大井5-5-11サンライズビル　３Ｆ,,,3000,3999
"0.5,0,0,1,0","2.4,0.0,1.8,0.0,0.0",0.3030457745749577,48.786795779752964,0.3577708764,0.4688675095245309,18403,大井町銭場精肉店,https://tabelog.com/tokyo/A1315/A131501/13125061/,焼肉、居酒屋、ステーキ,洋食・西洋料理,35.60663528,139.7341994,東京都品川区東大井5-14-19ISOLA大井町2F,1000,1999,6000,7999
"0.5,0,0,1,0","2.0,1.0,0.4,0.0,1.0",0.19344861598739585,56.45859688088229,0.360374985078,0.4090140546455205,18299,MICHI FISH&OYSTER,https://tabelog.com/tokyo/A1315/A131501/13181885/,オイスターバー、バル・バール、居酒屋,創作料理・無国籍料理,35.60699861,139.7352589,東京都品川区東大井5-12-2ユニーブル大井町102,,,6000,7999
"0.5,0,0,1,0","3.0,0.0,0.0,0.4,3.0",0.06691651561783313,65.31584390675168,0.398786706153,0.4043620371237104,19360,丸八とんかつ 本店,https://tabelog.com/tokyo/A1315/A131501/13007363/,とんかつ,Ｂ級和食,35.60731841,139.7341943,東京都品川区東大井5-4-10,1000,1999,1000,1999
"0.5,0,0,1,0","2.4,1.4,0.0,0.0,3.0",0.22497603695936083,54.25167741284474,0.262487183556,0.34570759137895735,18898,お魚sun,https://tabelog.com/tokyo/A1315/A131501/13109164/,魚介料理・海鮮料理、居酒屋、和食（その他）,Ｂ級和食,35.60734914,139.7345573,東京都品川区東大井5-5-7,,,3000,3999
"0.5,0,0,1,0","2.0,1.0,0.0,0.4,3.0",0.0778560747824173,64.55007476523079,0.332767881979,0.34175434402120114,18476,三代目 むら上 大井町店,https://tabelog.com/tokyo/A1315/A131501/13094230/,うなぎ,高級和食,35.60730972,139.7351192,東京都品川区東大井5-7-15,2000,2999,2000,2999
"0.5,0,0,1,0","3.0,0.4,0.0,0.0,3.0",0.08420484886820472,64.10566057922567,0.314831610121,0.32589783568504216,19144,CHAP,https://tabelog.com/tokyo/A1315/A131501/13165247/,串揚げ・串かつ、居酒屋、バー,バー・お酒,35.60736583,139.7343,東京都品川区東大井5-4-9,,,1000,1999
"0.5,0,0,1,0","1.0,2.0,0.0,0.4,2.0",0.0901383773508154,63.69031358544292,0.265974356054,0.28083319809103874,19795,うずら亭,https://tabelog.com/tokyo/A1315/A131501/13170627/,居酒屋,居酒屋,35.60736778,139.7350006,東京都品川区東大井5-2-8,,,1000,1999
"0.5,0,0,1,0","1.4,2.4,0.0,0.0,1.0",0.043239994237661755,66.97320040336368,0.212023886485,0.21638813632461462,19937,唐屋利久,https://tabelog.com/tokyo/A1315/A131501/13028356/,居酒屋、魚介料理・海鮮料理、焼鳥,高級和食,35.60731667,139.7341639,東京都品川区東大井5-4-10,,,5000,5999
"0.5,0,0,1,0","0.0,3.0,0.4,0.0,3.0",0.14094216895341805,60.13404817326074,0.0,0.14094216895341805,19248,トラストサルーン,https://tabelog.com/tokyo/A1315/A131501/13050650/,バー、バー・お酒（その他）,バー・お酒,35.60738556,139.73485,東京都品川区東大井5-6-10,1000,1999,2000,2999
"0.5,0,0,1,0","0.4,2.4,1.4,0.0,0.0",0.09480908794236029,63.36336384403478,0.0637252987877,0.11423518224280102,19980,瓢箪,https://tabelog.com/tokyo/A1315/A131501/13022613/,居酒屋、創作料理、炭火焼き,創作料理・無国籍料理,35.6074325,139.7345594,東京都品川区東大井5-5-11サンライズビル　３Ｆ,,,3000,3999
"0,0.5,0,1,1","1.0,2.0,0.0,0.4,2.0",0.0901383773508154,63.69031358544292,0.748927747182,0.7543326173321656,19795,うずら亭,https://tabelog.com/tokyo/A1315/A131501/13170627/,居酒屋,居酒屋,35.60736778,139.7350006,東京都品川区東大井5-2-8,,,1000,1999
"0,0.5,0,1,1","0.0,3.0,0.4,0.0,3.0",0.14094216895341805,60.13404817326074,0.703984881696,0.7179550185392407,19248,トラストサルーン,https://tabelog.com/tokyo/A1315/A131501/13050650/,バー、バー・お酒（その他）,バー・お酒,35.60738556,139.73485,東京都品川区東大井5-6-10,1000,1999,2000,2999
"0,0.5,0,1,1","2.0,1.0,0.0,0.4,3.0",0.0778560747824173,64.55007476523079,0.690942204489,0.6953148195774546,18476,三代目 むら上 大井町店,https://tabelog.com/tokyo/A1315/A131501/13094230/,うなぎ,高級和食,35.60730972,139.7351192,東京都品川区東大井5-7-15,2000,2999,2000,2999
"0,0.5,0,1,1","2.4,1.4,0.0,0.0,3.0",0.22497603695936083,54.25167741284474,0.603243051922,0.6438294781210263,18898,お魚sun,https://tabelog.com/tokyo/A1315/A131501/13109164/,魚介料理・海鮮料理、居酒屋、和食（その他）,Ｂ級和食,35.60734914,139.7345573,東京都品川区東大井5-5-7,,,3000,3999
"0,0.5,0,1,1","3.0,0.0,0.0,0.4,3.0",0.06691651561783313,65.31584390675168,0.531899688392,0.5360924347297057,19360,丸八とんかつ 本店,https://tabelog.com/tokyo/A1315/A131501/13007363/,とんかつ,Ｂ級和食,35.60731841,139.7341943,東京都品川区東大井5-4-10,1000,1999,1000,1999
"0,0.5,0,1,1","3.0,0.4,0.0,0.0,3.0",0.08420484886820472,64.10566057922567,0.500611471428,0.5076438731024131,19144,CHAP,https://tabelog.com/tokyo/A1315/A131501/13165247/,串揚げ・串かつ、居酒屋、バー,バー・お酒,35.60736583,139.7343,東京都品川区東大井5-4-9,,,1000,1999
"0,0.5,0,1,1","1.4,2.4,0.0,0.0,1.0",0.043239994237661755,66.97320040336368,0.496676005084,0.4985546621266084,19937,唐屋利久,https://tabelog.com/tokyo/A1315/A131501/13028356/,居酒屋、魚介料理・海鮮料理、焼鳥,高級和食,35.60731667,139.7341639,東京都品川区東大井5-4-10,,,5000,5999
"0,0.5,0,1,1","2.0,1.0,0.4,0.0,1.0",0.19344861598739585,56.45859688088229,0.402911482013,0.446945219646772,18299,MICHI FISH&OYSTER,https://tabelog.com/tokyo/A1315/A131501/13181885/,オイスターバー、バル・バール、居酒屋,創作料理・無国籍料理,35.60699861,139.7352589,東京都品川区東大井5-12-2ユニーブル大井町102,,,6000,7999
"0,0.5,0,1,1","2.4,0.0,1.8,0.0,0.0",0.3030457745749577,48.786795779752964,0.0,0.3030457745749577,18403,大井町銭場精肉店,https://tabelog.com/tokyo/A1315/A131501/13125061/,焼肉、居酒屋、ステーキ,洋食・西洋料理,35.60663528,139.7341994,東京都品川区東大井5-14-19ISOLA大井町2F,1000,1999,6000,7999
"0,0.5,0,1,1","0.4,2.4,1.4,0.0,0.0",0.09480908794236029,63.36336384403478,0.284988199952,0.30034486389505205,19980,瓢箪,https://tabelog.com/tokyo/A1315/A131501/13022613/,居酒屋、創作料理、炭火焼き,創作料理・無国籍料理,35.6074325,139.7345594,東京都品川区東大井5-5-11サンライズビル　３Ｆ,,,3000,3999
"0,0.5,0,1,0","1.0,2.0,0.0,0.4,2.0",0.0901383773508154,63.69031358544292,0.413737887196,0.4234429906997494,19795,うずら亭,https://tabelog.com/tokyo/A1315/A131501/13170627/,居酒屋,居酒屋,35.60736778,139.7350006,東京都品川区東大井5-2-8,,,1000,1999
"0,0.5,0,1,0","0.4,2.4,1.4,0.0,0.0",0.09480908794236029,63.36336384403478,0.382351792726,0.3939310302038638,19980,瓢箪,https://tabelog.com/tokyo/A1315/A131501/13022613/,居酒屋、創作料理、炭火焼き,創作料理・無国籍料理,35.6074325,139.7345594,東京都品川区東大井5-5-11サンライズビル　３Ｆ,,,3000,3999
"0,0.5,0,1,0","1.4,2.4,0.0,0.0,1.0",0.043239994237661755,66.97320040336368,0.363469519689,0.3660324969791512,19937,唐屋利久,https://tabelog.com/tokyo/A1315/A131501/13028356/,居酒屋、魚介料理・海鮮料理、焼鳥,高級和食,35.60731667,139.7341639,東京都品川区東大井5-4-10,,,5000,5999
"0,0.5,0,1,0","0.0,3.0,0.4,0.0,3.0",0.14094216895341805,60.13404817326074,0.314831610121,0.3449400494587014,19248,トラストサルーン,https://tabelog.com/tokyo/A1315/A131501/13050650/,バー、バー・お酒（その他）,バー・お酒,35.60738556,139.73485,東京都品川区東大井5-6-10,1000,1999,2000,2999
"0,0.5,0,1,0","2.4,0.0,1.8,0.0,0.0",0.3030457745749577,48.786795779752964,0.0,0.3030457745749577,18403,大井町銭場精肉店,https://tabelog.com/tokyo/A1315/A131501/13125061/,焼肉、居酒屋、ステーキ,洋食・西洋料理,35.60663528,139.7341994,東京都品川区東大井5-14-19ISOLA大井町2F,1000,1999,6000,7999
"0,0.5,0,1,0","2.4,1.4,0.0,0.0,3.0",0.22497603695936083,54.25167741284474,0.153117523741,0.27213818784304183,18898,お魚sun,https://tabelog.com/tokyo/A1315/A131501/13109164/,魚介料理・海鮮料理、居酒屋、和食（その他）,Ｂ級和食,35.60734914,139.7345573,東京都品川区東大井5-5-7,,,3000,3999
"0,0.5,0,1,0","2.0,1.0,0.4,0.0,1.0",0.19344861598739585,56.45859688088229,0.180187492539,0.2643669788286188,18299,MICHI FISH&OYSTER,https://tabelog.com/tokyo/A1315/A131501/13181885/,オイスターバー、バル・バール、居酒屋,創作料理・無国籍料理,35.60699861,139.7352589,東京都品川区東大井5-12-2ユニーブル大井町102,,,6000,7999
"0,0.5,0,1,0","2.0,1.0,0.0,0.4,3.0",0.0778560747824173,64.55007476523079,0.213922209844,0.2276494679214782,18476,三代目 むら上 大井町店,https://tabelog.com/tokyo/A1315/A131501/13094230/,うなぎ,高級和食,35.60730972,139.7351192,東京都品川区東大井5-7-15,2000,2999,2000,2999
"0,0.5,0,1,0","3.0,0.0,0.0,0.4,3.0",0.06691651561783313,65.31584390675168,0.0839550960322,0.10736050583064258,19360,丸八とんかつ 本店,https://tabelog.com/tokyo/A1315/A131501/13007363/,とんかつ,Ｂ級和食,35.60731841,139.7341943,東京都品川区東大井5-4-10,1000,1999,1000,1999
"0,0.5,0,1,0","3.0,0.4,0.0,0.0,3.0",0.08420484886820472,64.10566057922567,0.0419775480161,0.09408810291616114,19144,CHAP,https://tabelog.com/tokyo/A1315/A131501/13165247/,串揚げ・串かつ、居酒屋、バー,バー・お酒,35.60736583,139.7343,東京都品川区東大井5-4-9,,,1000,1999
"0,0,0.5,1,1","2.0,1.0,0.0,0.4,3.0",0.0778560747824173,64.55007476523079,0.60235987058,0.6073705475781622,18476,三代目 むら上 大井町店,https://tabelog.com/tokyo/A1315/A131501/13094230/,うなぎ,高級和食,35.60730972,139.7351192,東京都品川区東大井5-7-15,2000,2999,2000,2999
"0,0,0.5,1,1","2.4,1.4,0.0,0.0,3.0",0.22497603695936083,54.25167741284474,0.489115988045,0.5383759531839301,18898,お魚sun,https://tabelog.com/tokyo/A1315/A131501/13109164/,魚介料理・海鮮料理、居酒屋、和食（その他）,Ｂ級和食,35.60734914,139.7345573,東京都品川区東大井5-5-7,,,3000,3999
"0,0,0.5,1,1","1.0,2.0,0.0,0.4,2.0",0.0901383773508154,63.69031358544292,0.528654880364,0.5362843551738098,19795,うずら亭,https://tabelog.com/tokyo/A1315/A131501/13170627/,居酒屋,居酒屋,35.60736778,139.7350006,東京都品川区東大井5-2-8,,,1000,1999
"0,0,0.5,1,1","3.0,0.0,0.0,0.4,3.0",0.06691651561783313,65.31584390675168,0.531899688392,0.5360924347297057,19360,丸八とんかつ 本店,https://tabelog.com/tokyo/A1315/A131501/13007363/,とんかつ,Ｂ級和食,35.60731841,139.7341943,東京都品川区東大井5-4-10,1000,1999,1000,1999
"0,0,0.5,1,1","0.0,3.0,0.4,0.0,3.0",0.14094216895341805,60.13404817326074,0.500611471428,0.5200735912491573,19248,トラストサルーン,https://tabelog.com/tokyo/A1315/A131501/13050650/,バー、バー・お酒（その他）,バー・お酒,35.60738556,139.73485,東京都品川区東大井5-6-10,1000,1999,2000,2999
"0,0,0.5,1,1","3.0,0.4,0.0,0.0,3.0",0.08420484886820472,64.10566057922567,0.469323254464,0.4768173379330222,19144,CHAP,https://tabelog.com/tokyo/A1315/A131501/13165247/,串揚げ・串かつ、居酒屋、バー,バー・お酒,35.60736583,139.7343,東京都品川区東大井5-4-9,,,1000,1999
"0,0,0.5,1,1","2.0,1.0,0.4,0.0,1.0",0.19344861598739585,56.45859688088229,0.32232918561,0.3759234907844185,18299,MICHI FISH&OYSTER,https://tabelog.com/tokyo/A1315/A131501/13181885/,オイスターバー、バル・バール、居酒屋,創作料理・無国籍料理,35.60699861,139.7352589,東京都品川区東大井5-12-2ユニーブル大井町102,,,6000,7999
"0,0,0.5,1,1","2.4,0.0,1.8,0.0,0.0",0.3030457745749577,48.786795779752964,0.2,0.36309329584520844,18403,大井町銭場精肉店,https://tabelog.com/tokyo/A1315/A131501/13125061/,焼肉、居酒屋、ステーキ,洋食・西洋料理,35.60663528,139.7341994,東京都品川区東大井5-14-19ISOLA大井町2F,1000,1999,6000,7999
"0,0,0.5,1,1","1.4,2.4,0.0,0.0,1.0",0.043239994237661755,66.97320040336368,0.225761820493,0.22986538820345667,19937,唐屋利久,https://tabelog.com/tokyo/A1315/A131501/13028356/,居酒屋、魚介料理・海鮮料理、焼鳥,高級和食,35.60731667,139.7341639,東京都品川区東大井5-4-10,,,5000,5999
"0,0,0.5,1,1","0.4,2.4,1.4,0.0,0.0",0.09480908794236029,63.36336384403478,0.166243116638,0.19137799504156544,19980,瓢箪,https://tabelog.com/tokyo/A1315/A131501/13022613/,居酒屋、創作料理、炭火焼き,創作料理・無国籍料理,35.6074325,139.7345594,東京都品川区東大井5-5-11サンライズビル　３Ｆ,,,3000,3999
"0,0,0.5,1,0","2.4,0.0,1.8,0.0,0.0",0.3030457745749577,48.786795779752964,0.2683281573,0.40476751535632904,18403,大井町銭場精肉店,https://tabelog.com/tokyo/A1315/A131501/13125061/,焼肉、居酒屋、ステーキ,洋食・西洋料理,35.60663528,139.7341994,東京都品川区東大井5-14-19ISOLA大井町2F,1000,1999,6000,7999
"0,0,0.5,1,0","0.4,2.4,1.4,0.0,0.0",0.09480908794236029,63.36336384403478,0.223038545757,0.24235295758431177,19980,瓢箪,https://tabelog.com/tokyo/A1315/A131501/13022613/,居酒屋、創作料理、炭火焼き,創作料理・無国籍料理,35.6074325,139.7345594,東京都品川区東大井5-5-11サンライズビル　３Ｆ,,,3000,3999
"0,0,0.5,1,0","2.4,1.4,0.0,0.0,3.0",0.22497603695936083,54.25167741284474,0.0,0.22497603695936083,18898,お魚sun,https://tabelog.com/tokyo/A1315/A131501/13109164/,魚介料理・海鮮料理、居酒屋、和食（その他）,Ｂ級和食,35.60734914,139.7345573,東京都品川区東大井5-5-7,,,3000,3999
"0,0,0.5,1,0","2.0,1.0,0.4,0.0,1.0",0.19344861598739585,56.45859688088229,0.0720749970156,0.2064392700583979,18299,MICHI FISH&OYSTER,https://tabelog.com/tokyo/A1315/A131501/13181885/,オイスターバー、バル・バール、居酒屋,創作料理・無国籍料理,35.60699861,139.7352589,東京都品川区東大井5-12-2ユニーブル大井町102,,,6000,7999
"0,0,0.5,1,0","1.0,2.0,0.0,0.4,2.0",0.0901383773508154,63.69031358544292,0.118210824913,0.14865640315195155,19795,うずら亭,https://tabelog.com/tokyo/A1315/A131501/13170627/,居酒屋,居酒屋,35.60736778,139.7350006,東京都品川区東大井5-2-8,,,1000,1999
"0,0,0.5,1,0","0.0,3.0,0.4,0.0,3.0",0.14094216895341805,60.13404817326074,0.0419775480161,0.14706056414531657,19248,トラストサルーン,https://tabelog.com/tokyo/A1315/A131501/13050650/,バー、バー・お酒（その他）,バー・お酒,35.60738556,139.73485,東京都品川区東大井5-6-10,1000,1999,2000,2999
"0,0,0.5,1,0","2.0,1.0,0.0,0.4,3.0",0.0778560747824173,64.55007476523079,0.0950765377083,0.12288659977037457,18476,三代目 むら上 大井町店,https://tabelog.com/tokyo/A1315/A131501/13094230/,うなぎ,高級和食,35.60730972,139.7351192,東京都品川区東大井5-7-15,2000,2999,2000,2999
"0,0,0.5,1,0","3.0,0.0,0.0,0.4,3.0",0.06691651561783313,65.31584390675168,0.0839550960322,0.10736050583064258,19360,丸八とんかつ 本店,https://tabelog.com/tokyo/A1315/A131501/13007363/,とんかつ,Ｂ級和食,35.60731841,139.7341943,東京都品川区東大井5-4-10,1000,1999,1000,1999
"0,0,0.5,1,0","3.0,0.4,0.0,0.0,3.0",0.08420484886820472,64.10566057922567,0.0,0.08420484886820472,19144,CHAP,https://tabelog.com/tokyo/A1315/A131501/13165247/,串揚げ・串かつ、居酒屋、バー,バー・お酒,35.60736583,139.7343,東京都品川区東大井5-4-9,,,1000,1999
"0,0,0.5,1,0","1.4,2.4,0.0,0.0,1.0",0.043239994237661755,66.97320040336368,0.0,0.043239994237661755,19937,唐屋利久,https://tabelog.com/tokyo/A1315/A131501/13028356/,居酒屋、魚介料理・海鮮料理、焼鳥,高級和食,35.60731667,139.7341639,東京都品川区東大井5-4-10,,,5000,5999
"0,0,0,1,1","2.0,1.0,0.0,0.4,3.0",0.0778560747824173,64.55007476523079,0.638899123802,0.6436254025254173,18476,三代目 むら上 大井町店,https://tabelog.com/tokyo/A1315/A131501/13094230/,うなぎ,高級和食,35.60730972,139.7351192,東京都品川区東大井5-7-15,2000,2999,2000,2999
"0,0,0,1,1","3.0,0.0,0.0,0.4,3.0",0.06691651561783313,65.31584390675168,0.56416481486,0.5681194930544302,19360,丸八とんかつ 本店,https://tabelog.com/tokyo/A1315/A131501/13007363/,とんかつ,Ｂ級和食,35.60731841,139.7341943,東京都品川区東大井5-4-10,1000,1999,1000,1999
"0,0,0,1,1","1.0,2.0,0.0,0.4,2.0",0.0901383773508154,63.69031358544292,0.560723176219,0.5679220082201278,19795,うずら亭,https://tabelog.com/tokyo/A1315/A131501/13170627/,居酒屋,居酒屋,35.60736778,139.7350006,東京都品川区東大井5-2-8,,,1000,1999
"0,0,0,1,1","2.4,1.4,0.0,0.0,3.0",0.22497603695936083,54.25167741284474,0.5187858479,0.565467039876597,18898,お魚sun,https://tabelog.com/tokyo/A1315/A131501/13109164/,魚介料理・海鮮料理、居酒屋、和食（その他）,Ｂ級和食,35.60734914,139.7345573,東京都品川区東大井5-5-7,,,3000,3999
"0,0,0,1,1","0.0,3.0,0.4,0.0,3.0",0.14094216895341805,60.13404817326074,0.4977924837,0.5173606593252792,19248,トラストサルーン,https://tabelog.com/tokyo/A1315/A131501/13050650/,バー、バー・お酒（その他）,バー・お酒,35.60738556,139.73485,東京都品川区東大井5-6-10,1000,1999,2000,2999
"0,0,0,1,1","3.0,0.4,0.0,0.0,3.0",0.08420484886820472,64.10566057922567,0.4977924837,0.5048641534126889,19144,CHAP,https://tabelog.com/tokyo/A1315/A131501/13165247/,串揚げ・串かつ、居酒屋、バー,バー・お酒,35.60736583,139.7343,東京都品川区東大井5-4-9,,,1000,1999
"0,0,0,1,1","2.0,1.0,0.4,0.0,1.0",0.19344861598739585,56.45859688088229,0.284901441149,0.3443707278446734,18299,MICHI FISH&OYSTER,https://tabelog.com/tokyo/A1315/A131501/13181885/,オイスターバー、バル・バール、居酒屋,創作料理・無国籍料理,35.60699861,139.7352589,東京都品川区東大井5-12-2ユニーブル大井町102,,,6000,7999
"0,0,0,1,1","2.4,0.0,1.8,0.0,0.0",0.3030457745749577,48.786795779752964,0.0,0.3030457745749577,18403,大井町銭場精肉店,https://tabelog.com/tokyo/A1315/A131501/13125061/,焼肉、居酒屋、ステーキ,洋食・西洋料理,35.60663528,139.7341994,東京都品川区東大井5-14-19ISOLA大井町2F,1000,1999,6000,7999
"0,0,0,1,1","1.4,2.4,0.0,0.0,1.0",0.043239994237661755,66.97320040336368,0.239456571305,0.24332929672145406,19937,唐屋利久,https://tabelog.com/tokyo/A1315/A131501/13028356/,居酒屋、魚介料理・海鮮料理、焼鳥,高級和食,35.60731667,139.7341639,東京都品川区東大井5-4-10,,,5000,5999
"0,0,0,1,1","0.4,2.4,1.4,0.0,0.0",0.09480908794236029,63.36336384403478,0.0,0.09480908794236029,19980,瓢箪,https://tabelog.com/tokyo/A1315/A131501/13022613/,居酒屋、創作料理、炭火焼き,創作料理・無国籍料理,35.6074325,139.7345594,東京都品川区東大井5-5-11サンライズビル　３Ｆ,,,3000,3999
"0,0,0,1,0","2.4,0.0,1.8,0.0,0.0",0.3030457745749577,48.786795779752964,0.0,0.3030457745749577,18403,大井町銭場精肉店,https://tabelog.com/tokyo/A1315/A131501/13125061/,焼肉、居酒屋、ステーキ,洋食・西洋料理,35.60663528,139.7341994,東京都品川区東大井5-14-19ISOLA大井町2F,1000,1999,6000,7999
"0,0,0,1,0","2.4,1.4,0.0,0.0,3.0",0.22497603695936083,54.25167741284474,0.0,0.22497603695936083,18898,お魚sun,https://tabelog.com/tokyo/A1315/A131501/13109164/,魚介料理・海鮮料理、居酒屋、和食（その他）,Ｂ級和食,35.60734914,139.7345573,東京都品川区東大井5-5-7,,,3000,3999
"0,0,0,1,0","2.0,1.0,0.4,0.0,1.0",0.19344861598739585,56.45859688088229,0.0,0.19344861598739585,18299,MICHI FISH&OYSTER,https://tabelog.com/tokyo/A1315/A131501/13181885/,オイスターバー、バル・バール、居酒屋,創作料理・無国籍料理,35.60699861,139.7352589,東京都品川区東大井5-12-2ユニーブル大井町102,,,6000,7999
"0,0,0,1,0","1.0,2.0,0.0,0.4,2.0",0.0901383773508154,63.69031358544292,0.132163720091,0.15997554806824366,19795,うずら亭,https://tabelog.com/tokyo/A1315/A131501/13170627/,居酒屋,居酒屋,35.60736778,139.7350006,東京都品川区東大井5-2-8,,,1000,1999
"0,0,0,1,0","0.0,3.0,0.4,0.0,3.0",0.14094216895341805,60.13404817326074,0.0,0.14094216895341805,19248,トラストサルーン,https://tabelog.com/tokyo/A1315/A131501/13050650/,バー、バー・お酒（その他）,バー・お酒,35.60738556,139.73485,東京都品川区東大井5-6-10,1000,1999,2000,2999
"0,0,0,1,0","2.0,1.0,0.0,0.4,3.0",0.0778560747824173,64.55007476523079,0.106298800691,0.1317611604714149,18476,三代目 むら上 大井町店,https://tabelog.com/tokyo/A1315/A131501/13094230/,うなぎ,高級和食,35.60730972,139.7351192,東京都品川区東大井5-7-15,2000,2999,2000,2999
"0,0,0,1,0","3.0,0.0,0.0,0.4,3.0",0.06691651561783313,65.31584390675168,0.0938646508928,0.11527529114973588,19360,丸八とんかつ 本店,https://tabelog.com/tokyo/A1315/A131501/13007363/,とんかつ,Ｂ級和食,35.60731841,139.7341943,東京都品川区東大井5-4-10,1000,1999,1000,1999
"0,0,0,1,0","0.4,2.4,1.4,0.0,0.0",0.09480908794236029,63.36336384403478,0.0,0.09480908794236029,19980,瓢箪,https://tabelog.com/tokyo/A1315/A131501/13022613/,居酒屋、創作料理、炭火焼き,創作料理・無国籍料理,35.6074325,139.7345594,東京都品川区東大井5-5-11サンライズビル　３Ｆ,,,3000,3999
"0,0,0,1,0","3.0,0.4,0.0,0.0,3.0",0.08420484886820472,64.10566057922567,0.0,0.08420484886820472,19144,CHAP,https://tabelog.com/tokyo/A1315/A131501/13165247/,串揚げ・串かつ、居酒屋、バー,バー・お酒,35.60736583,139.7343,東京都品川区東大井5-4-9,,,1000,1999
"0,0,0,1,0","1.4,2.4,0.0,0.0,1.0",0.043239994237661755,66.97320040336368,0.0,0.043239994237661755,19937,唐屋利久,https://tabelog.com/tokyo/A1315/A131501/13028356/,居酒屋、魚介料理・海鮮料理、焼鳥,高級和食,35.60731667,139.7341639,東京都品川区東大井5-4-10,,,5000,5999
